solid /mnt/data/wave_half_6p5inL_2inAmp_1inBase_sideB_tabL_notchR.stl
  facet normal 0.000000e+00 0.000000e+00 -1.000000e+00
    outer loop
      vertex 0.000000e+00 0.000000e+00 0.000000e+00
      vertex 1.651000e+02 6.700000e+00 0.000000e+00
      vertex 1.651000e+02 0.000000e+00 0.000000e+00
    endloop
  endfacet
  facet normal 0.000000e+00 0.000000e+00 -1.000000e+00
    outer loop
      vertex 0.000000e+00 0.000000e+00 0.000000e+00
      vertex 1.601000e+02 6.700000e+00 0.000000e+00
      vertex 1.651000e+02 6.700000e+00 0.000000e+00
    endloop
  endfacet
  facet normal 0.000000e+00 0.000000e+00 -1.000000e+00
    outer loop
      vertex 0.000000e+00 0.000000e+00 0.000000e+00
      vertex 1.601000e+02 1.870000e+01 0.000000e+00
      vertex 1.601000e+02 6.700000e+00 0.000000e+00
    endloop
  endfacet
  facet normal 0.000000e+00 0.000000e+00 1.000000e+00
    outer loop
      vertex 0.000000e+00 0.000000e+00 0.000000e+00
      vertex 1.651000e+02 1.870000e+01 0.000000e+00
      vertex 1.601000e+02 1.870000e+01 0.000000e+00
    endloop
  endfacet
  facet normal 0.000000e+00 0.000000e+00 -1.000000e+00
    outer loop
      vertex 0.000000e+00 0.000000e+00 0.000000e+00
      vertex 1.651000e+02 2.540000e+01 0.000000e+00
      vertex 1.651000e+02 1.870000e+01 0.000000e+00
    endloop
  endfacet
  facet normal 0.000000e+00 0.000000e+00 0.000000e+00
    outer loop
      vertex 0.000000e+00 0.000000e+00 0.000000e+00
      vertex 1.651000e+02 2.540000e+01 0.000000e+00
      vertex 1.651000e+02 2.540000e+01 0.000000e+00
    endloop
  endfacet
  facet normal 0.000000e+00 0.000000e+00 -1.000000e+00
    outer loop
      vertex 0.000000e+00 0.000000e+00 0.000000e+00
      vertex 1.642704e+02 2.540317e+01 0.000000e+00
      vertex 1.651000e+02 2.540000e+01 0.000000e+00
    endloop
  endfacet
  facet normal 0.000000e+00 0.000000e+00 -1.000000e+00
    outer loop
      vertex 0.000000e+00 0.000000e+00 0.000000e+00
      vertex 1.634407e+02 2.541266e+01 0.000000e+00
      vertex 1.642704e+02 2.540317e+01 0.000000e+00
    endloop
  endfacet
  facet normal 0.000000e+00 0.000000e+00 -1.000000e+00
    outer loop
      vertex 0.000000e+00 0.000000e+00 0.000000e+00
      vertex 1.626111e+02 2.542848e+01 0.000000e+00
      vertex 1.634407e+02 2.541266e+01 0.000000e+00
    endloop
  endfacet
  facet normal 0.000000e+00 0.000000e+00 -1.000000e+00
    outer loop
      vertex 0.000000e+00 0.000000e+00 0.000000e+00
      vertex 1.617814e+02 2.545063e+01 0.000000e+00
      vertex 1.626111e+02 2.542848e+01 0.000000e+00
    endloop
  endfacet
  facet normal 0.000000e+00 0.000000e+00 -1.000000e+00
    outer loop
      vertex 0.000000e+00 0.000000e+00 0.000000e+00
      vertex 1.609518e+02 2.547909e+01 0.000000e+00
      vertex 1.617814e+02 2.545063e+01 0.000000e+00
    endloop
  endfacet
  facet normal 0.000000e+00 0.000000e+00 -1.000000e+00
    outer loop
      vertex 0.000000e+00 0.000000e+00 0.000000e+00
      vertex 1.601221e+02 2.551386e+01 0.000000e+00
      vertex 1.609518e+02 2.547909e+01 0.000000e+00
    endloop
  endfacet
  facet normal 0.000000e+00 0.000000e+00 -1.000000e+00
    outer loop
      vertex 0.000000e+00 0.000000e+00 0.000000e+00
      vertex 1.592925e+02 2.555494e+01 0.000000e+00
      vertex 1.601221e+02 2.551386e+01 0.000000e+00
    endloop
  endfacet
  facet normal 0.000000e+00 0.000000e+00 -1.000000e+00
    outer loop
      vertex 0.000000e+00 0.000000e+00 0.000000e+00
      vertex 1.584628e+02 2.560230e+01 0.000000e+00
      vertex 1.592925e+02 2.555494e+01 0.000000e+00
    endloop
  endfacet
  facet normal 0.000000e+00 0.000000e+00 -1.000000e+00
    outer loop
      vertex 0.000000e+00 0.000000e+00 0.000000e+00
      vertex 1.576332e+02 2.565595e+01 0.000000e+00
      vertex 1.584628e+02 2.560230e+01 0.000000e+00
    endloop
  endfacet
  facet normal 0.000000e+00 0.000000e+00 -1.000000e+00
    outer loop
      vertex 0.000000e+00 0.000000e+00 0.000000e+00
      vertex 1.568035e+02 2.571586e+01 0.000000e+00
      vertex 1.576332e+02 2.565595e+01 0.000000e+00
    endloop
  endfacet
  facet normal 0.000000e+00 0.000000e+00 -1.000000e+00
    outer loop
      vertex 0.000000e+00 0.000000e+00 0.000000e+00
      vertex 1.559739e+02 2.578202e+01 0.000000e+00
      vertex 1.568035e+02 2.571586e+01 0.000000e+00
    endloop
  endfacet
  facet normal 0.000000e+00 0.000000e+00 -1.000000e+00
    outer loop
      vertex 0.000000e+00 0.000000e+00 0.000000e+00
      vertex 1.551442e+02 2.585442e+01 0.000000e+00
      vertex 1.559739e+02 2.578202e+01 0.000000e+00
    endloop
  endfacet
  facet normal 0.000000e+00 0.000000e+00 -1.000000e+00
    outer loop
      vertex 0.000000e+00 0.000000e+00 0.000000e+00
      vertex 1.543146e+02 2.593304e+01 0.000000e+00
      vertex 1.551442e+02 2.585442e+01 0.000000e+00
    endloop
  endfacet
  facet normal 0.000000e+00 0.000000e+00 -1.000000e+00
    outer loop
      vertex 0.000000e+00 0.000000e+00 0.000000e+00
      vertex 1.534849e+02 2.601785e+01 0.000000e+00
      vertex 1.543146e+02 2.593304e+01 0.000000e+00
    endloop
  endfacet
  facet normal 0.000000e+00 0.000000e+00 -1.000000e+00
    outer loop
      vertex 0.000000e+00 0.000000e+00 0.000000e+00
      vertex 1.526553e+02 2.610884e+01 0.000000e+00
      vertex 1.534849e+02 2.601785e+01 0.000000e+00
    endloop
  endfacet
  facet normal 0.000000e+00 0.000000e+00 -1.000000e+00
    outer loop
      vertex 0.000000e+00 0.000000e+00 0.000000e+00
      vertex 1.518256e+02 2.620599e+01 0.000000e+00
      vertex 1.526553e+02 2.610884e+01 0.000000e+00
    endloop
  endfacet
  facet normal 0.000000e+00 0.000000e+00 -1.000000e+00
    outer loop
      vertex 0.000000e+00 0.000000e+00 0.000000e+00
      vertex 1.509960e+02 2.630926e+01 0.000000e+00
      vertex 1.518256e+02 2.620599e+01 0.000000e+00
    endloop
  endfacet
  facet normal 0.000000e+00 0.000000e+00 -1.000000e+00
    outer loop
      vertex 0.000000e+00 0.000000e+00 0.000000e+00
      vertex 1.501663e+02 2.641863e+01 0.000000e+00
      vertex 1.509960e+02 2.630926e+01 0.000000e+00
    endloop
  endfacet
  facet normal 0.000000e+00 0.000000e+00 -1.000000e+00
    outer loop
      vertex 0.000000e+00 0.000000e+00 0.000000e+00
      vertex 1.493367e+02 2.653409e+01 0.000000e+00
      vertex 1.501663e+02 2.641863e+01 0.000000e+00
    endloop
  endfacet
  facet normal 0.000000e+00 0.000000e+00 -1.000000e+00
    outer loop
      vertex 0.000000e+00 0.000000e+00 0.000000e+00
      vertex 1.485070e+02 2.665559e+01 0.000000e+00
      vertex 1.493367e+02 2.653409e+01 0.000000e+00
    endloop
  endfacet
  facet normal 0.000000e+00 0.000000e+00 -1.000000e+00
    outer loop
      vertex 0.000000e+00 0.000000e+00 0.000000e+00
      vertex 1.476774e+02 2.678310e+01 0.000000e+00
      vertex 1.485070e+02 2.665559e+01 0.000000e+00
    endloop
  endfacet
  facet normal 0.000000e+00 0.000000e+00 -1.000000e+00
    outer loop
      vertex 0.000000e+00 0.000000e+00 0.000000e+00
      vertex 1.468477e+02 2.691661e+01 0.000000e+00
      vertex 1.476774e+02 2.678310e+01 0.000000e+00
    endloop
  endfacet
  facet normal 0.000000e+00 0.000000e+00 -1.000000e+00
    outer loop
      vertex 0.000000e+00 0.000000e+00 0.000000e+00
      vertex 1.460181e+02 2.705606e+01 0.000000e+00
      vertex 1.468477e+02 2.691661e+01 0.000000e+00
    endloop
  endfacet
  facet normal 0.000000e+00 0.000000e+00 -1.000000e+00
    outer loop
      vertex 0.000000e+00 0.000000e+00 0.000000e+00
      vertex 1.451884e+02 2.720143e+01 0.000000e+00
      vertex 1.460181e+02 2.705606e+01 0.000000e+00
    endloop
  endfacet
  facet normal 0.000000e+00 0.000000e+00 -1.000000e+00
    outer loop
      vertex 0.000000e+00 0.000000e+00 0.000000e+00
      vertex 1.443588e+02 2.735269e+01 0.000000e+00
      vertex 1.451884e+02 2.720143e+01 0.000000e+00
    endloop
  endfacet
  facet normal 0.000000e+00 0.000000e+00 -1.000000e+00
    outer loop
      vertex 0.000000e+00 0.000000e+00 0.000000e+00
      vertex 1.435291e+02 2.750978e+01 0.000000e+00
      vertex 1.443588e+02 2.735269e+01 0.000000e+00
    endloop
  endfacet
  facet normal 0.000000e+00 0.000000e+00 -1.000000e+00
    outer loop
      vertex 0.000000e+00 0.000000e+00 0.000000e+00
      vertex 1.426995e+02 2.767269e+01 0.000000e+00
      vertex 1.435291e+02 2.750978e+01 0.000000e+00
    endloop
  endfacet
  facet normal 0.000000e+00 0.000000e+00 -1.000000e+00
    outer loop
      vertex 0.000000e+00 0.000000e+00 0.000000e+00
      vertex 1.418698e+02 2.784135e+01 0.000000e+00
      vertex 1.426995e+02 2.767269e+01 0.000000e+00
    endloop
  endfacet
  facet normal 0.000000e+00 0.000000e+00 -1.000000e+00
    outer loop
      vertex 0.000000e+00 0.000000e+00 0.000000e+00
      vertex 1.410402e+02 2.801574e+01 0.000000e+00
      vertex 1.418698e+02 2.784135e+01 0.000000e+00
    endloop
  endfacet
  facet normal 0.000000e+00 0.000000e+00 -1.000000e+00
    outer loop
      vertex 0.000000e+00 0.000000e+00 0.000000e+00
      vertex 1.402106e+02 2.819580e+01 0.000000e+00
      vertex 1.410402e+02 2.801574e+01 0.000000e+00
    endloop
  endfacet
  facet normal 0.000000e+00 0.000000e+00 -1.000000e+00
    outer loop
      vertex 0.000000e+00 0.000000e+00 0.000000e+00
      vertex 1.393809e+02 2.838150e+01 0.000000e+00
      vertex 1.402106e+02 2.819580e+01 0.000000e+00
    endloop
  endfacet
  facet normal 0.000000e+00 0.000000e+00 -1.000000e+00
    outer loop
      vertex 0.000000e+00 0.000000e+00 0.000000e+00
      vertex 1.385513e+02 2.857279e+01 0.000000e+00
      vertex 1.393809e+02 2.838150e+01 0.000000e+00
    endloop
  endfacet
  facet normal 0.000000e+00 0.000000e+00 -1.000000e+00
    outer loop
      vertex 0.000000e+00 0.000000e+00 0.000000e+00
      vertex 1.377216e+02 2.876962e+01 0.000000e+00
      vertex 1.385513e+02 2.857279e+01 0.000000e+00
    endloop
  endfacet
  facet normal 0.000000e+00 0.000000e+00 -1.000000e+00
    outer loop
      vertex 0.000000e+00 0.000000e+00 0.000000e+00
      vertex 1.368920e+02 2.897193e+01 0.000000e+00
      vertex 1.377216e+02 2.876962e+01 0.000000e+00
    endloop
  endfacet
  facet normal 0.000000e+00 0.000000e+00 -1.000000e+00
    outer loop
      vertex 0.000000e+00 0.000000e+00 0.000000e+00
      vertex 1.360623e+02 2.917969e+01 0.000000e+00
      vertex 1.368920e+02 2.897193e+01 0.000000e+00
    endloop
  endfacet
  facet normal 0.000000e+00 0.000000e+00 -1.000000e+00
    outer loop
      vertex 0.000000e+00 0.000000e+00 0.000000e+00
      vertex 1.352327e+02 2.939283e+01 0.000000e+00
      vertex 1.360623e+02 2.917969e+01 0.000000e+00
    endloop
  endfacet
  facet normal 0.000000e+00 0.000000e+00 -1.000000e+00
    outer loop
      vertex 0.000000e+00 0.000000e+00 0.000000e+00
      vertex 1.344030e+02 2.961131e+01 0.000000e+00
      vertex 1.352327e+02 2.939283e+01 0.000000e+00
    endloop
  endfacet
  facet normal 0.000000e+00 0.000000e+00 -1.000000e+00
    outer loop
      vertex 0.000000e+00 0.000000e+00 0.000000e+00
      vertex 1.335734e+02 2.983507e+01 0.000000e+00
      vertex 1.344030e+02 2.961131e+01 0.000000e+00
    endloop
  endfacet
  facet normal 0.000000e+00 0.000000e+00 -1.000000e+00
    outer loop
      vertex 0.000000e+00 0.000000e+00 0.000000e+00
      vertex 1.327437e+02 3.006406e+01 0.000000e+00
      vertex 1.335734e+02 2.983507e+01 0.000000e+00
    endloop
  endfacet
  facet normal 0.000000e+00 0.000000e+00 -1.000000e+00
    outer loop
      vertex 0.000000e+00 0.000000e+00 0.000000e+00
      vertex 1.319141e+02 3.029821e+01 0.000000e+00
      vertex 1.327437e+02 3.006406e+01 0.000000e+00
    endloop
  endfacet
  facet normal 0.000000e+00 0.000000e+00 -1.000000e+00
    outer loop
      vertex 0.000000e+00 0.000000e+00 0.000000e+00
      vertex 1.310844e+02 3.053747e+01 0.000000e+00
      vertex 1.319141e+02 3.029821e+01 0.000000e+00
    endloop
  endfacet
  facet normal 0.000000e+00 0.000000e+00 -1.000000e+00
    outer loop
      vertex 0.000000e+00 0.000000e+00 0.000000e+00
      vertex 1.302548e+02 3.078178e+01 0.000000e+00
      vertex 1.310844e+02 3.053747e+01 0.000000e+00
    endloop
  endfacet
  facet normal 0.000000e+00 0.000000e+00 -1.000000e+00
    outer loop
      vertex 0.000000e+00 0.000000e+00 0.000000e+00
      vertex 1.294251e+02 3.103109e+01 0.000000e+00
      vertex 1.302548e+02 3.078178e+01 0.000000e+00
    endloop
  endfacet
  facet normal 0.000000e+00 0.000000e+00 -1.000000e+00
    outer loop
      vertex 0.000000e+00 0.000000e+00 0.000000e+00
      vertex 1.285955e+02 3.128531e+01 0.000000e+00
      vertex 1.294251e+02 3.103109e+01 0.000000e+00
    endloop
  endfacet
  facet normal 0.000000e+00 0.000000e+00 -1.000000e+00
    outer loop
      vertex 0.000000e+00 0.000000e+00 0.000000e+00
      vertex 1.277658e+02 3.154440e+01 0.000000e+00
      vertex 1.285955e+02 3.128531e+01 0.000000e+00
    endloop
  endfacet
  facet normal 0.000000e+00 0.000000e+00 -1.000000e+00
    outer loop
      vertex 0.000000e+00 0.000000e+00 0.000000e+00
      vertex 1.269362e+02 3.180830e+01 0.000000e+00
      vertex 1.277658e+02 3.154440e+01 0.000000e+00
    endloop
  endfacet
  facet normal 0.000000e+00 0.000000e+00 -1.000000e+00
    outer loop
      vertex 0.000000e+00 0.000000e+00 0.000000e+00
      vertex 1.261065e+02 3.207692e+01 0.000000e+00
      vertex 1.269362e+02 3.180830e+01 0.000000e+00
    endloop
  endfacet
  facet normal 0.000000e+00 0.000000e+00 -1.000000e+00
    outer loop
      vertex 0.000000e+00 0.000000e+00 0.000000e+00
      vertex 1.252769e+02 3.235021e+01 0.000000e+00
      vertex 1.261065e+02 3.207692e+01 0.000000e+00
    endloop
  endfacet
  facet normal 0.000000e+00 0.000000e+00 -1.000000e+00
    outer loop
      vertex 0.000000e+00 0.000000e+00 0.000000e+00
      vertex 1.244472e+02 3.262810e+01 0.000000e+00
      vertex 1.252769e+02 3.235021e+01 0.000000e+00
    endloop
  endfacet
  facet normal 0.000000e+00 0.000000e+00 -1.000000e+00
    outer loop
      vertex 0.000000e+00 0.000000e+00 0.000000e+00
      vertex 1.236176e+02 3.291051e+01 0.000000e+00
      vertex 1.244472e+02 3.262810e+01 0.000000e+00
    endloop
  endfacet
  facet normal 0.000000e+00 0.000000e+00 -1.000000e+00
    outer loop
      vertex 0.000000e+00 0.000000e+00 0.000000e+00
      vertex 1.227879e+02 3.319739e+01 0.000000e+00
      vertex 1.236176e+02 3.291051e+01 0.000000e+00
    endloop
  endfacet
  facet normal 0.000000e+00 0.000000e+00 -1.000000e+00
    outer loop
      vertex 0.000000e+00 0.000000e+00 0.000000e+00
      vertex 1.219583e+02 3.348865e+01 0.000000e+00
      vertex 1.227879e+02 3.319739e+01 0.000000e+00
    endloop
  endfacet
  facet normal 0.000000e+00 0.000000e+00 -1.000000e+00
    outer loop
      vertex 0.000000e+00 0.000000e+00 0.000000e+00
      vertex 1.211286e+02 3.378423e+01 0.000000e+00
      vertex 1.219583e+02 3.348865e+01 0.000000e+00
    endloop
  endfacet
  facet normal 0.000000e+00 0.000000e+00 -1.000000e+00
    outer loop
      vertex 0.000000e+00 0.000000e+00 0.000000e+00
      vertex 1.202990e+02 3.408404e+01 0.000000e+00
      vertex 1.211286e+02 3.378423e+01 0.000000e+00
    endloop
  endfacet
  facet normal 0.000000e+00 0.000000e+00 -1.000000e+00
    outer loop
      vertex 0.000000e+00 0.000000e+00 0.000000e+00
      vertex 1.194693e+02 3.438803e+01 0.000000e+00
      vertex 1.202990e+02 3.408404e+01 0.000000e+00
    endloop
  endfacet
  facet normal 0.000000e+00 0.000000e+00 -1.000000e+00
    outer loop
      vertex 0.000000e+00 0.000000e+00 0.000000e+00
      vertex 1.186397e+02 3.469610e+01 0.000000e+00
      vertex 1.194693e+02 3.438803e+01 0.000000e+00
    endloop
  endfacet
  facet normal 0.000000e+00 0.000000e+00 -1.000000e+00
    outer loop
      vertex 0.000000e+00 0.000000e+00 0.000000e+00
      vertex 1.178101e+02 3.500819e+01 0.000000e+00
      vertex 1.186397e+02 3.469610e+01 0.000000e+00
    endloop
  endfacet
  facet normal 0.000000e+00 0.000000e+00 -1.000000e+00
    outer loop
      vertex 0.000000e+00 0.000000e+00 0.000000e+00
      vertex 1.169804e+02 3.532421e+01 0.000000e+00
      vertex 1.178101e+02 3.500819e+01 0.000000e+00
    endloop
  endfacet
  facet normal 0.000000e+00 0.000000e+00 -1.000000e+00
    outer loop
      vertex 0.000000e+00 0.000000e+00 0.000000e+00
      vertex 1.161508e+02 3.564409e+01 0.000000e+00
      vertex 1.169804e+02 3.532421e+01 0.000000e+00
    endloop
  endfacet
  facet normal 0.000000e+00 0.000000e+00 -1.000000e+00
    outer loop
      vertex 0.000000e+00 0.000000e+00 0.000000e+00
      vertex 1.153211e+02 3.596774e+01 0.000000e+00
      vertex 1.161508e+02 3.564409e+01 0.000000e+00
    endloop
  endfacet
  facet normal 0.000000e+00 0.000000e+00 -1.000000e+00
    outer loop
      vertex 0.000000e+00 0.000000e+00 0.000000e+00
      vertex 1.144915e+02 3.629510e+01 0.000000e+00
      vertex 1.153211e+02 3.596774e+01 0.000000e+00
    endloop
  endfacet
  facet normal 0.000000e+00 0.000000e+00 -1.000000e+00
    outer loop
      vertex 0.000000e+00 0.000000e+00 0.000000e+00
      vertex 1.136618e+02 3.662606e+01 0.000000e+00
      vertex 1.144915e+02 3.629510e+01 0.000000e+00
    endloop
  endfacet
  facet normal 0.000000e+00 0.000000e+00 -1.000000e+00
    outer loop
      vertex 0.000000e+00 0.000000e+00 0.000000e+00
      vertex 1.128322e+02 3.696056e+01 0.000000e+00
      vertex 1.136618e+02 3.662606e+01 0.000000e+00
    endloop
  endfacet
  facet normal 0.000000e+00 0.000000e+00 -1.000000e+00
    outer loop
      vertex 0.000000e+00 0.000000e+00 0.000000e+00
      vertex 1.120025e+02 3.729851e+01 0.000000e+00
      vertex 1.128322e+02 3.696056e+01 0.000000e+00
    endloop
  endfacet
  facet normal 0.000000e+00 0.000000e+00 -1.000000e+00
    outer loop
      vertex 0.000000e+00 0.000000e+00 0.000000e+00
      vertex 1.111729e+02 3.763983e+01 0.000000e+00
      vertex 1.120025e+02 3.729851e+01 0.000000e+00
    endloop
  endfacet
  facet normal 0.000000e+00 0.000000e+00 -1.000000e+00
    outer loop
      vertex 0.000000e+00 0.000000e+00 0.000000e+00
      vertex 1.103432e+02 3.798442e+01 0.000000e+00
      vertex 1.111729e+02 3.763983e+01 0.000000e+00
    endloop
  endfacet
  facet normal 0.000000e+00 0.000000e+00 -1.000000e+00
    outer loop
      vertex 0.000000e+00 0.000000e+00 0.000000e+00
      vertex 1.095136e+02 3.833221e+01 0.000000e+00
      vertex 1.103432e+02 3.798442e+01 0.000000e+00
    endloop
  endfacet
  facet normal 0.000000e+00 0.000000e+00 -1.000000e+00
    outer loop
      vertex 0.000000e+00 0.000000e+00 0.000000e+00
      vertex 1.086839e+02 3.868310e+01 0.000000e+00
      vertex 1.095136e+02 3.833221e+01 0.000000e+00
    endloop
  endfacet
  facet normal 0.000000e+00 0.000000e+00 -1.000000e+00
    outer loop
      vertex 0.000000e+00 0.000000e+00 0.000000e+00
      vertex 1.078543e+02 3.903702e+01 0.000000e+00
      vertex 1.086839e+02 3.868310e+01 0.000000e+00
    endloop
  endfacet
  facet normal 0.000000e+00 0.000000e+00 -1.000000e+00
    outer loop
      vertex 0.000000e+00 0.000000e+00 0.000000e+00
      vertex 1.070246e+02 3.939387e+01 0.000000e+00
      vertex 1.078543e+02 3.903702e+01 0.000000e+00
    endloop
  endfacet
  facet normal 0.000000e+00 0.000000e+00 -1.000000e+00
    outer loop
      vertex 0.000000e+00 0.000000e+00 0.000000e+00
      vertex 1.061950e+02 3.975355e+01 0.000000e+00
      vertex 1.070246e+02 3.939387e+01 0.000000e+00
    endloop
  endfacet
  facet normal 0.000000e+00 0.000000e+00 -1.000000e+00
    outer loop
      vertex 0.000000e+00 0.000000e+00 0.000000e+00
      vertex 1.053653e+02 4.011600e+01 0.000000e+00
      vertex 1.061950e+02 3.975355e+01 0.000000e+00
    endloop
  endfacet
  facet normal 0.000000e+00 0.000000e+00 -1.000000e+00
    outer loop
      vertex 0.000000e+00 0.000000e+00 0.000000e+00
      vertex 1.045357e+02 4.048110e+01 0.000000e+00
      vertex 1.053653e+02 4.011600e+01 0.000000e+00
    endloop
  endfacet
  facet normal 0.000000e+00 0.000000e+00 -1.000000e+00
    outer loop
      vertex 0.000000e+00 0.000000e+00 0.000000e+00
      vertex 1.037060e+02 4.084878e+01 0.000000e+00
      vertex 1.045357e+02 4.048110e+01 0.000000e+00
    endloop
  endfacet
  facet normal 0.000000e+00 0.000000e+00 -1.000000e+00
    outer loop
      vertex 0.000000e+00 0.000000e+00 0.000000e+00
      vertex 1.028764e+02 4.121893e+01 0.000000e+00
      vertex 1.037060e+02 4.084878e+01 0.000000e+00
    endloop
  endfacet
  facet normal 0.000000e+00 0.000000e+00 -1.000000e+00
    outer loop
      vertex 0.000000e+00 0.000000e+00 0.000000e+00
      vertex 1.020467e+02 4.159148e+01 0.000000e+00
      vertex 1.028764e+02 4.121893e+01 0.000000e+00
    endloop
  endfacet
  facet normal 0.000000e+00 0.000000e+00 -1.000000e+00
    outer loop
      vertex 0.000000e+00 0.000000e+00 0.000000e+00
      vertex 1.012171e+02 4.196632e+01 0.000000e+00
      vertex 1.020467e+02 4.159148e+01 0.000000e+00
    endloop
  endfacet
  facet normal 0.000000e+00 0.000000e+00 -1.000000e+00
    outer loop
      vertex 0.000000e+00 0.000000e+00 0.000000e+00
      vertex 1.003874e+02 4.234336e+01 0.000000e+00
      vertex 1.012171e+02 4.196632e+01 0.000000e+00
    endloop
  endfacet
  facet normal 0.000000e+00 0.000000e+00 -1.000000e+00
    outer loop
      vertex 0.000000e+00 0.000000e+00 0.000000e+00
      vertex 9.955779e+01 4.272251e+01 0.000000e+00
      vertex 1.003874e+02 4.234336e+01 0.000000e+00
    endloop
  endfacet
  facet normal 0.000000e+00 0.000000e+00 -1.000000e+00
    outer loop
      vertex 0.000000e+00 0.000000e+00 0.000000e+00
      vertex 9.872814e+01 4.310367e+01 0.000000e+00
      vertex 9.955779e+01 4.272251e+01 0.000000e+00
    endloop
  endfacet
  facet normal 0.000000e+00 0.000000e+00 -1.000000e+00
    outer loop
      vertex 0.000000e+00 0.000000e+00 0.000000e+00
      vertex 9.789849e+01 4.348675e+01 0.000000e+00
      vertex 9.872814e+01 4.310367e+01 0.000000e+00
    endloop
  endfacet
  facet normal 0.000000e+00 0.000000e+00 -1.000000e+00
    outer loop
      vertex 0.000000e+00 0.000000e+00 0.000000e+00
      vertex 9.706884e+01 4.387165e+01 0.000000e+00
      vertex 9.789849e+01 4.348675e+01 0.000000e+00
    endloop
  endfacet
  facet normal 0.000000e+00 0.000000e+00 -1.000000e+00
    outer loop
      vertex 0.000000e+00 0.000000e+00 0.000000e+00
      vertex 9.623920e+01 4.425828e+01 0.000000e+00
      vertex 9.706884e+01 4.387165e+01 0.000000e+00
    endloop
  endfacet
  facet normal 0.000000e+00 0.000000e+00 -1.000000e+00
    outer loop
      vertex 0.000000e+00 0.000000e+00 0.000000e+00
      vertex 9.540955e+01 4.464654e+01 0.000000e+00
      vertex 9.623920e+01 4.425828e+01 0.000000e+00
    endloop
  endfacet
  facet normal 0.000000e+00 0.000000e+00 -1.000000e+00
    outer loop
      vertex 0.000000e+00 0.000000e+00 0.000000e+00
      vertex 9.457990e+01 4.503633e+01 0.000000e+00
      vertex 9.540955e+01 4.464654e+01 0.000000e+00
    endloop
  endfacet
  facet normal 0.000000e+00 0.000000e+00 -1.000000e+00
    outer loop
      vertex 0.000000e+00 0.000000e+00 0.000000e+00
      vertex 9.375025e+01 4.542756e+01 0.000000e+00
      vertex 9.457990e+01 4.503633e+01 0.000000e+00
    endloop
  endfacet
  facet normal 0.000000e+00 0.000000e+00 -1.000000e+00
    outer loop
      vertex 0.000000e+00 0.000000e+00 0.000000e+00
      vertex 9.292060e+01 4.582013e+01 0.000000e+00
      vertex 9.375025e+01 4.542756e+01 0.000000e+00
    endloop
  endfacet
  facet normal 0.000000e+00 0.000000e+00 -1.000000e+00
    outer loop
      vertex 0.000000e+00 0.000000e+00 0.000000e+00
      vertex 9.209095e+01 4.621394e+01 0.000000e+00
      vertex 9.292060e+01 4.582013e+01 0.000000e+00
    endloop
  endfacet
  facet normal 0.000000e+00 0.000000e+00 -1.000000e+00
    outer loop
      vertex 0.000000e+00 0.000000e+00 0.000000e+00
      vertex 9.126131e+01 4.660889e+01 0.000000e+00
      vertex 9.209095e+01 4.621394e+01 0.000000e+00
    endloop
  endfacet
  facet normal 0.000000e+00 0.000000e+00 -1.000000e+00
    outer loop
      vertex 0.000000e+00 0.000000e+00 0.000000e+00
      vertex 9.043166e+01 4.700489e+01 0.000000e+00
      vertex 9.126131e+01 4.660889e+01 0.000000e+00
    endloop
  endfacet
  facet normal 0.000000e+00 0.000000e+00 -1.000000e+00
    outer loop
      vertex 0.000000e+00 0.000000e+00 0.000000e+00
      vertex 8.960201e+01 4.740183e+01 0.000000e+00
      vertex 9.043166e+01 4.700489e+01 0.000000e+00
    endloop
  endfacet
  facet normal 0.000000e+00 0.000000e+00 -1.000000e+00
    outer loop
      vertex 0.000000e+00 0.000000e+00 0.000000e+00
      vertex 8.877236e+01 4.779962e+01 0.000000e+00
      vertex 8.960201e+01 4.740183e+01 0.000000e+00
    endloop
  endfacet
  facet normal 0.000000e+00 0.000000e+00 -1.000000e+00
    outer loop
      vertex 0.000000e+00 0.000000e+00 0.000000e+00
      vertex 8.794271e+01 4.819815e+01 0.000000e+00
      vertex 8.877236e+01 4.779962e+01 0.000000e+00
    endloop
  endfacet
  facet normal 0.000000e+00 0.000000e+00 -1.000000e+00
    outer loop
      vertex 0.000000e+00 0.000000e+00 0.000000e+00
      vertex 8.711307e+01 4.859734e+01 0.000000e+00
      vertex 8.794271e+01 4.819815e+01 0.000000e+00
    endloop
  endfacet
  facet normal 0.000000e+00 0.000000e+00 -1.000000e+00
    outer loop
      vertex 0.000000e+00 0.000000e+00 0.000000e+00
      vertex 8.628342e+01 4.899707e+01 0.000000e+00
      vertex 8.711307e+01 4.859734e+01 0.000000e+00
    endloop
  endfacet
  facet normal 0.000000e+00 0.000000e+00 -1.000000e+00
    outer loop
      vertex 0.000000e+00 0.000000e+00 0.000000e+00
      vertex 8.545377e+01 4.939726e+01 0.000000e+00
      vertex 8.628342e+01 4.899707e+01 0.000000e+00
    endloop
  endfacet
  facet normal 0.000000e+00 0.000000e+00 -1.000000e+00
    outer loop
      vertex 0.000000e+00 0.000000e+00 0.000000e+00
      vertex 8.462412e+01 4.979779e+01 0.000000e+00
      vertex 8.545377e+01 4.939726e+01 0.000000e+00
    endloop
  endfacet
  facet normal 0.000000e+00 0.000000e+00 -1.000000e+00
    outer loop
      vertex 0.000000e+00 0.000000e+00 0.000000e+00
      vertex 8.379447e+01 5.019858e+01 0.000000e+00
      vertex 8.462412e+01 4.979779e+01 0.000000e+00
    endloop
  endfacet
  facet normal 0.000000e+00 0.000000e+00 -1.000000e+00
    outer loop
      vertex 0.000000e+00 0.000000e+00 0.000000e+00
      vertex 8.296482e+01 5.059951e+01 0.000000e+00
      vertex 8.379447e+01 5.019858e+01 0.000000e+00
    endloop
  endfacet
  facet normal 0.000000e+00 0.000000e+00 -1.000000e+00
    outer loop
      vertex 0.000000e+00 0.000000e+00 0.000000e+00
      vertex 8.213518e+01 5.100049e+01 0.000000e+00
      vertex 8.296482e+01 5.059951e+01 0.000000e+00
    endloop
  endfacet
  facet normal 0.000000e+00 0.000000e+00 -1.000000e+00
    outer loop
      vertex 0.000000e+00 0.000000e+00 0.000000e+00
      vertex 8.130553e+01 5.140142e+01 0.000000e+00
      vertex 8.213518e+01 5.100049e+01 0.000000e+00
    endloop
  endfacet
  facet normal 0.000000e+00 0.000000e+00 -1.000000e+00
    outer loop
      vertex 0.000000e+00 0.000000e+00 0.000000e+00
      vertex 8.047588e+01 5.180221e+01 0.000000e+00
      vertex 8.130553e+01 5.140142e+01 0.000000e+00
    endloop
  endfacet
  facet normal 0.000000e+00 0.000000e+00 -1.000000e+00
    outer loop
      vertex 0.000000e+00 0.000000e+00 0.000000e+00
      vertex 7.964623e+01 5.220274e+01 0.000000e+00
      vertex 8.047588e+01 5.180221e+01 0.000000e+00
    endloop
  endfacet
  facet normal 0.000000e+00 0.000000e+00 -1.000000e+00
    outer loop
      vertex 0.000000e+00 0.000000e+00 0.000000e+00
      vertex 7.881658e+01 5.260293e+01 0.000000e+00
      vertex 7.964623e+01 5.220274e+01 0.000000e+00
    endloop
  endfacet
  facet normal 0.000000e+00 0.000000e+00 -1.000000e+00
    outer loop
      vertex 0.000000e+00 0.000000e+00 0.000000e+00
      vertex 7.798693e+01 5.300266e+01 0.000000e+00
      vertex 7.881658e+01 5.260293e+01 0.000000e+00
    endloop
  endfacet
  facet normal 0.000000e+00 0.000000e+00 -1.000000e+00
    outer loop
      vertex 0.000000e+00 0.000000e+00 0.000000e+00
      vertex 7.715729e+01 5.340185e+01 0.000000e+00
      vertex 7.798693e+01 5.300266e+01 0.000000e+00
    endloop
  endfacet
  facet normal 0.000000e+00 0.000000e+00 -1.000000e+00
    outer loop
      vertex 0.000000e+00 0.000000e+00 0.000000e+00
      vertex 7.632764e+01 5.380038e+01 0.000000e+00
      vertex 7.715729e+01 5.340185e+01 0.000000e+00
    endloop
  endfacet
  facet normal 0.000000e+00 0.000000e+00 -1.000000e+00
    outer loop
      vertex 0.000000e+00 0.000000e+00 0.000000e+00
      vertex 7.549799e+01 5.419817e+01 0.000000e+00
      vertex 7.632764e+01 5.380038e+01 0.000000e+00
    endloop
  endfacet
  facet normal 0.000000e+00 0.000000e+00 -1.000000e+00
    outer loop
      vertex 0.000000e+00 0.000000e+00 0.000000e+00
      vertex 7.466834e+01 5.459511e+01 0.000000e+00
      vertex 7.549799e+01 5.419817e+01 0.000000e+00
    endloop
  endfacet
  facet normal 0.000000e+00 0.000000e+00 -1.000000e+00
    outer loop
      vertex 0.000000e+00 0.000000e+00 0.000000e+00
      vertex 7.383869e+01 5.499111e+01 0.000000e+00
      vertex 7.466834e+01 5.459511e+01 0.000000e+00
    endloop
  endfacet
  facet normal 0.000000e+00 0.000000e+00 -1.000000e+00
    outer loop
      vertex 0.000000e+00 0.000000e+00 0.000000e+00
      vertex 7.300905e+01 5.538606e+01 0.000000e+00
      vertex 7.383869e+01 5.499111e+01 0.000000e+00
    endloop
  endfacet
  facet normal 0.000000e+00 0.000000e+00 -1.000000e+00
    outer loop
      vertex 0.000000e+00 0.000000e+00 0.000000e+00
      vertex 7.217940e+01 5.577987e+01 0.000000e+00
      vertex 7.300905e+01 5.538606e+01 0.000000e+00
    endloop
  endfacet
  facet normal 0.000000e+00 0.000000e+00 -1.000000e+00
    outer loop
      vertex 0.000000e+00 0.000000e+00 0.000000e+00
      vertex 7.134975e+01 5.617244e+01 0.000000e+00
      vertex 7.217940e+01 5.577987e+01 0.000000e+00
    endloop
  endfacet
  facet normal 0.000000e+00 0.000000e+00 -1.000000e+00
    outer loop
      vertex 0.000000e+00 0.000000e+00 0.000000e+00
      vertex 7.052010e+01 5.656367e+01 0.000000e+00
      vertex 7.134975e+01 5.617244e+01 0.000000e+00
    endloop
  endfacet
  facet normal 0.000000e+00 0.000000e+00 -1.000000e+00
    outer loop
      vertex 0.000000e+00 0.000000e+00 0.000000e+00
      vertex 6.969045e+01 5.695346e+01 0.000000e+00
      vertex 7.052010e+01 5.656367e+01 0.000000e+00
    endloop
  endfacet
  facet normal 0.000000e+00 0.000000e+00 -1.000000e+00
    outer loop
      vertex 0.000000e+00 0.000000e+00 0.000000e+00
      vertex 6.886080e+01 5.734172e+01 0.000000e+00
      vertex 6.969045e+01 5.695346e+01 0.000000e+00
    endloop
  endfacet
  facet normal 0.000000e+00 0.000000e+00 -1.000000e+00
    outer loop
      vertex 0.000000e+00 0.000000e+00 0.000000e+00
      vertex 6.803116e+01 5.772835e+01 0.000000e+00
      vertex 6.886080e+01 5.734172e+01 0.000000e+00
    endloop
  endfacet
  facet normal 0.000000e+00 0.000000e+00 -1.000000e+00
    outer loop
      vertex 0.000000e+00 0.000000e+00 0.000000e+00
      vertex 6.720151e+01 5.811325e+01 0.000000e+00
      vertex 6.803116e+01 5.772835e+01 0.000000e+00
    endloop
  endfacet
  facet normal 0.000000e+00 0.000000e+00 -1.000000e+00
    outer loop
      vertex 0.000000e+00 0.000000e+00 0.000000e+00
      vertex 6.637186e+01 5.849633e+01 0.000000e+00
      vertex 6.720151e+01 5.811325e+01 0.000000e+00
    endloop
  endfacet
  facet normal 0.000000e+00 0.000000e+00 -1.000000e+00
    outer loop
      vertex 0.000000e+00 0.000000e+00 0.000000e+00
      vertex 6.554221e+01 5.887749e+01 0.000000e+00
      vertex 6.637186e+01 5.849633e+01 0.000000e+00
    endloop
  endfacet
  facet normal 0.000000e+00 0.000000e+00 -1.000000e+00
    outer loop
      vertex 0.000000e+00 0.000000e+00 0.000000e+00
      vertex 6.471256e+01 5.925664e+01 0.000000e+00
      vertex 6.554221e+01 5.887749e+01 0.000000e+00
    endloop
  endfacet
  facet normal 0.000000e+00 0.000000e+00 -1.000000e+00
    outer loop
      vertex 0.000000e+00 0.000000e+00 0.000000e+00
      vertex 6.388291e+01 5.963368e+01 0.000000e+00
      vertex 6.471256e+01 5.925664e+01 0.000000e+00
    endloop
  endfacet
  facet normal 0.000000e+00 0.000000e+00 -1.000000e+00
    outer loop
      vertex 0.000000e+00 0.000000e+00 0.000000e+00
      vertex 6.305327e+01 6.000852e+01 0.000000e+00
      vertex 6.388291e+01 5.963368e+01 0.000000e+00
    endloop
  endfacet
  facet normal 0.000000e+00 0.000000e+00 -1.000000e+00
    outer loop
      vertex 0.000000e+00 0.000000e+00 0.000000e+00
      vertex 6.222362e+01 6.038107e+01 0.000000e+00
      vertex 6.305327e+01 6.000852e+01 0.000000e+00
    endloop
  endfacet
  facet normal 0.000000e+00 0.000000e+00 -1.000000e+00
    outer loop
      vertex 0.000000e+00 0.000000e+00 0.000000e+00
      vertex 6.139397e+01 6.075122e+01 0.000000e+00
      vertex 6.222362e+01 6.038107e+01 0.000000e+00
    endloop
  endfacet
  facet normal 0.000000e+00 0.000000e+00 -1.000000e+00
    outer loop
      vertex 0.000000e+00 0.000000e+00 0.000000e+00
      vertex 6.056432e+01 6.111890e+01 0.000000e+00
      vertex 6.139397e+01 6.075122e+01 0.000000e+00
    endloop
  endfacet
  facet normal 0.000000e+00 0.000000e+00 -1.000000e+00
    outer loop
      vertex 0.000000e+00 0.000000e+00 0.000000e+00
      vertex 5.973467e+01 6.148400e+01 0.000000e+00
      vertex 6.056432e+01 6.111890e+01 0.000000e+00
    endloop
  endfacet
  facet normal 0.000000e+00 0.000000e+00 -1.000000e+00
    outer loop
      vertex 0.000000e+00 0.000000e+00 0.000000e+00
      vertex 5.890503e+01 6.184645e+01 0.000000e+00
      vertex 5.973467e+01 6.148400e+01 0.000000e+00
    endloop
  endfacet
  facet normal 0.000000e+00 0.000000e+00 -1.000000e+00
    outer loop
      vertex 0.000000e+00 0.000000e+00 0.000000e+00
      vertex 5.807538e+01 6.220613e+01 0.000000e+00
      vertex 5.890503e+01 6.184645e+01 0.000000e+00
    endloop
  endfacet
  facet normal 0.000000e+00 0.000000e+00 -1.000000e+00
    outer loop
      vertex 0.000000e+00 0.000000e+00 0.000000e+00
      vertex 5.724573e+01 6.256298e+01 0.000000e+00
      vertex 5.807538e+01 6.220613e+01 0.000000e+00
    endloop
  endfacet
  facet normal 0.000000e+00 0.000000e+00 -1.000000e+00
    outer loop
      vertex 0.000000e+00 0.000000e+00 0.000000e+00
      vertex 5.641608e+01 6.291690e+01 0.000000e+00
      vertex 5.724573e+01 6.256298e+01 0.000000e+00
    endloop
  endfacet
  facet normal 0.000000e+00 0.000000e+00 -1.000000e+00
    outer loop
      vertex 0.000000e+00 0.000000e+00 0.000000e+00
      vertex 5.558643e+01 6.326779e+01 0.000000e+00
      vertex 5.641608e+01 6.291690e+01 0.000000e+00
    endloop
  endfacet
  facet normal 0.000000e+00 0.000000e+00 -1.000000e+00
    outer loop
      vertex 0.000000e+00 0.000000e+00 0.000000e+00
      vertex 5.475678e+01 6.361558e+01 0.000000e+00
      vertex 5.558643e+01 6.326779e+01 0.000000e+00
    endloop
  endfacet
  facet normal 0.000000e+00 0.000000e+00 -1.000000e+00
    outer loop
      vertex 0.000000e+00 0.000000e+00 0.000000e+00
      vertex 5.392714e+01 6.396017e+01 0.000000e+00
      vertex 5.475678e+01 6.361558e+01 0.000000e+00
    endloop
  endfacet
  facet normal 0.000000e+00 0.000000e+00 -1.000000e+00
    outer loop
      vertex 0.000000e+00 0.000000e+00 0.000000e+00
      vertex 5.309749e+01 6.430149e+01 0.000000e+00
      vertex 5.392714e+01 6.396017e+01 0.000000e+00
    endloop
  endfacet
  facet normal 0.000000e+00 0.000000e+00 -1.000000e+00
    outer loop
      vertex 0.000000e+00 0.000000e+00 0.000000e+00
      vertex 5.226784e+01 6.463944e+01 0.000000e+00
      vertex 5.309749e+01 6.430149e+01 0.000000e+00
    endloop
  endfacet
  facet normal 0.000000e+00 0.000000e+00 -1.000000e+00
    outer loop
      vertex 0.000000e+00 0.000000e+00 0.000000e+00
      vertex 5.143819e+01 6.497394e+01 0.000000e+00
      vertex 5.226784e+01 6.463944e+01 0.000000e+00
    endloop
  endfacet
  facet normal 0.000000e+00 0.000000e+00 -1.000000e+00
    outer loop
      vertex 0.000000e+00 0.000000e+00 0.000000e+00
      vertex 5.060854e+01 6.530490e+01 0.000000e+00
      vertex 5.143819e+01 6.497394e+01 0.000000e+00
    endloop
  endfacet
  facet normal 0.000000e+00 0.000000e+00 -1.000000e+00
    outer loop
      vertex 0.000000e+00 0.000000e+00 0.000000e+00
      vertex 4.977889e+01 6.563226e+01 0.000000e+00
      vertex 5.060854e+01 6.530490e+01 0.000000e+00
    endloop
  endfacet
  facet normal 0.000000e+00 0.000000e+00 -1.000000e+00
    outer loop
      vertex 0.000000e+00 0.000000e+00 0.000000e+00
      vertex 4.894925e+01 6.595591e+01 0.000000e+00
      vertex 4.977889e+01 6.563226e+01 0.000000e+00
    endloop
  endfacet
  facet normal 0.000000e+00 0.000000e+00 -1.000000e+00
    outer loop
      vertex 0.000000e+00 0.000000e+00 0.000000e+00
      vertex 4.811960e+01 6.627579e+01 0.000000e+00
      vertex 4.894925e+01 6.595591e+01 0.000000e+00
    endloop
  endfacet
  facet normal 0.000000e+00 0.000000e+00 -1.000000e+00
    outer loop
      vertex 0.000000e+00 0.000000e+00 0.000000e+00
      vertex 4.728995e+01 6.659181e+01 0.000000e+00
      vertex 4.811960e+01 6.627579e+01 0.000000e+00
    endloop
  endfacet
  facet normal 0.000000e+00 0.000000e+00 -1.000000e+00
    outer loop
      vertex 0.000000e+00 0.000000e+00 0.000000e+00
      vertex 4.646030e+01 6.690390e+01 0.000000e+00
      vertex 4.728995e+01 6.659181e+01 0.000000e+00
    endloop
  endfacet
  facet normal 0.000000e+00 0.000000e+00 -1.000000e+00
    outer loop
      vertex 0.000000e+00 0.000000e+00 0.000000e+00
      vertex 4.563065e+01 6.721197e+01 0.000000e+00
      vertex 4.646030e+01 6.690390e+01 0.000000e+00
    endloop
  endfacet
  facet normal 0.000000e+00 0.000000e+00 -1.000000e+00
    outer loop
      vertex 0.000000e+00 0.000000e+00 0.000000e+00
      vertex 4.480101e+01 6.751596e+01 0.000000e+00
      vertex 4.563065e+01 6.721197e+01 0.000000e+00
    endloop
  endfacet
  facet normal 0.000000e+00 0.000000e+00 -1.000000e+00
    outer loop
      vertex 0.000000e+00 0.000000e+00 0.000000e+00
      vertex 4.397136e+01 6.781577e+01 0.000000e+00
      vertex 4.480101e+01 6.751596e+01 0.000000e+00
    endloop
  endfacet
  facet normal 0.000000e+00 0.000000e+00 -1.000000e+00
    outer loop
      vertex 0.000000e+00 0.000000e+00 0.000000e+00
      vertex 4.314171e+01 6.811135e+01 0.000000e+00
      vertex 4.397136e+01 6.781577e+01 0.000000e+00
    endloop
  endfacet
  facet normal 0.000000e+00 0.000000e+00 -1.000000e+00
    outer loop
      vertex 0.000000e+00 0.000000e+00 0.000000e+00
      vertex 4.231206e+01 6.840261e+01 0.000000e+00
      vertex 4.314171e+01 6.811135e+01 0.000000e+00
    endloop
  endfacet
  facet normal 0.000000e+00 0.000000e+00 -1.000000e+00
    outer loop
      vertex 0.000000e+00 0.000000e+00 0.000000e+00
      vertex 4.148241e+01 6.868949e+01 0.000000e+00
      vertex 4.231206e+01 6.840261e+01 0.000000e+00
    endloop
  endfacet
  facet normal 0.000000e+00 0.000000e+00 -1.000000e+00
    outer loop
      vertex 0.000000e+00 0.000000e+00 0.000000e+00
      vertex 4.065276e+01 6.897190e+01 0.000000e+00
      vertex 4.148241e+01 6.868949e+01 0.000000e+00
    endloop
  endfacet
  facet normal 0.000000e+00 0.000000e+00 -1.000000e+00
    outer loop
      vertex 0.000000e+00 0.000000e+00 0.000000e+00
      vertex 3.982312e+01 6.924979e+01 0.000000e+00
      vertex 4.065276e+01 6.897190e+01 0.000000e+00
    endloop
  endfacet
  facet normal 0.000000e+00 0.000000e+00 -1.000000e+00
    outer loop
      vertex 0.000000e+00 0.000000e+00 0.000000e+00
      vertex 3.899347e+01 6.952308e+01 0.000000e+00
      vertex 3.982312e+01 6.924979e+01 0.000000e+00
    endloop
  endfacet
  facet normal 0.000000e+00 0.000000e+00 -1.000000e+00
    outer loop
      vertex 0.000000e+00 0.000000e+00 0.000000e+00
      vertex 3.816382e+01 6.979170e+01 0.000000e+00
      vertex 3.899347e+01 6.952308e+01 0.000000e+00
    endloop
  endfacet
  facet normal 0.000000e+00 0.000000e+00 -1.000000e+00
    outer loop
      vertex 0.000000e+00 0.000000e+00 0.000000e+00
      vertex 3.733417e+01 7.005560e+01 0.000000e+00
      vertex 3.816382e+01 6.979170e+01 0.000000e+00
    endloop
  endfacet
  facet normal 0.000000e+00 0.000000e+00 -1.000000e+00
    outer loop
      vertex 0.000000e+00 0.000000e+00 0.000000e+00
      vertex 3.650452e+01 7.031469e+01 0.000000e+00
      vertex 3.733417e+01 7.005560e+01 0.000000e+00
    endloop
  endfacet
  facet normal 0.000000e+00 0.000000e+00 -1.000000e+00
    outer loop
      vertex 0.000000e+00 0.000000e+00 0.000000e+00
      vertex 3.567487e+01 7.056891e+01 0.000000e+00
      vertex 3.650452e+01 7.031469e+01 0.000000e+00
    endloop
  endfacet
  facet normal 0.000000e+00 0.000000e+00 -1.000000e+00
    outer loop
      vertex 0.000000e+00 0.000000e+00 0.000000e+00
      vertex 3.484523e+01 7.081822e+01 0.000000e+00
      vertex 3.567487e+01 7.056891e+01 0.000000e+00
    endloop
  endfacet
  facet normal 0.000000e+00 0.000000e+00 -1.000000e+00
    outer loop
      vertex 0.000000e+00 0.000000e+00 0.000000e+00
      vertex 3.401558e+01 7.106253e+01 0.000000e+00
      vertex 3.484523e+01 7.081822e+01 0.000000e+00
    endloop
  endfacet
  facet normal 0.000000e+00 0.000000e+00 -1.000000e+00
    outer loop
      vertex 0.000000e+00 0.000000e+00 0.000000e+00
      vertex 3.318593e+01 7.130179e+01 0.000000e+00
      vertex 3.401558e+01 7.106253e+01 0.000000e+00
    endloop
  endfacet
  facet normal 0.000000e+00 0.000000e+00 -1.000000e+00
    outer loop
      vertex 0.000000e+00 0.000000e+00 0.000000e+00
      vertex 3.235628e+01 7.153594e+01 0.000000e+00
      vertex 3.318593e+01 7.130179e+01 0.000000e+00
    endloop
  endfacet
  facet normal 0.000000e+00 0.000000e+00 -1.000000e+00
    outer loop
      vertex 0.000000e+00 0.000000e+00 0.000000e+00
      vertex 3.152663e+01 7.176493e+01 0.000000e+00
      vertex 3.235628e+01 7.153594e+01 0.000000e+00
    endloop
  endfacet
  facet normal 0.000000e+00 0.000000e+00 -1.000000e+00
    outer loop
      vertex 0.000000e+00 0.000000e+00 0.000000e+00
      vertex 3.069698e+01 7.198869e+01 0.000000e+00
      vertex 3.152663e+01 7.176493e+01 0.000000e+00
    endloop
  endfacet
  facet normal 0.000000e+00 0.000000e+00 -1.000000e+00
    outer loop
      vertex 0.000000e+00 0.000000e+00 0.000000e+00
      vertex 2.986734e+01 7.220717e+01 0.000000e+00
      vertex 3.069698e+01 7.198869e+01 0.000000e+00
    endloop
  endfacet
  facet normal 0.000000e+00 0.000000e+00 -1.000000e+00
    outer loop
      vertex 0.000000e+00 0.000000e+00 0.000000e+00
      vertex 2.903769e+01 7.242031e+01 0.000000e+00
      vertex 2.986734e+01 7.220717e+01 0.000000e+00
    endloop
  endfacet
  facet normal 0.000000e+00 0.000000e+00 -1.000000e+00
    outer loop
      vertex 0.000000e+00 0.000000e+00 0.000000e+00
      vertex 2.820804e+01 7.262807e+01 0.000000e+00
      vertex 2.903769e+01 7.242031e+01 0.000000e+00
    endloop
  endfacet
  facet normal 0.000000e+00 0.000000e+00 -1.000000e+00
    outer loop
      vertex 0.000000e+00 0.000000e+00 0.000000e+00
      vertex 2.737839e+01 7.283038e+01 0.000000e+00
      vertex 2.820804e+01 7.262807e+01 0.000000e+00
    endloop
  endfacet
  facet normal 0.000000e+00 0.000000e+00 -1.000000e+00
    outer loop
      vertex 0.000000e+00 0.000000e+00 0.000000e+00
      vertex 2.654874e+01 7.302721e+01 0.000000e+00
      vertex 2.737839e+01 7.283038e+01 0.000000e+00
    endloop
  endfacet
  facet normal 0.000000e+00 0.000000e+00 -1.000000e+00
    outer loop
      vertex 0.000000e+00 0.000000e+00 0.000000e+00
      vertex 2.571910e+01 7.321850e+01 0.000000e+00
      vertex 2.654874e+01 7.302721e+01 0.000000e+00
    endloop
  endfacet
  facet normal 0.000000e+00 0.000000e+00 -1.000000e+00
    outer loop
      vertex 0.000000e+00 0.000000e+00 0.000000e+00
      vertex 2.488945e+01 7.340420e+01 0.000000e+00
      vertex 2.571910e+01 7.321850e+01 0.000000e+00
    endloop
  endfacet
  facet normal 0.000000e+00 0.000000e+00 -1.000000e+00
    outer loop
      vertex 0.000000e+00 0.000000e+00 0.000000e+00
      vertex 2.405980e+01 7.358426e+01 0.000000e+00
      vertex 2.488945e+01 7.340420e+01 0.000000e+00
    endloop
  endfacet
  facet normal 0.000000e+00 0.000000e+00 -1.000000e+00
    outer loop
      vertex 0.000000e+00 0.000000e+00 0.000000e+00
      vertex 2.323015e+01 7.375865e+01 0.000000e+00
      vertex 2.405980e+01 7.358426e+01 0.000000e+00
    endloop
  endfacet
  facet normal 0.000000e+00 0.000000e+00 -1.000000e+00
    outer loop
      vertex 0.000000e+00 0.000000e+00 0.000000e+00
      vertex 2.240050e+01 7.392731e+01 0.000000e+00
      vertex 2.323015e+01 7.375865e+01 0.000000e+00
    endloop
  endfacet
  facet normal 0.000000e+00 0.000000e+00 -1.000000e+00
    outer loop
      vertex 0.000000e+00 0.000000e+00 0.000000e+00
      vertex 2.157085e+01 7.409022e+01 0.000000e+00
      vertex 2.240050e+01 7.392731e+01 0.000000e+00
    endloop
  endfacet
  facet normal 0.000000e+00 0.000000e+00 -1.000000e+00
    outer loop
      vertex 0.000000e+00 0.000000e+00 0.000000e+00
      vertex 2.074121e+01 7.424731e+01 0.000000e+00
      vertex 2.157085e+01 7.409022e+01 0.000000e+00
    endloop
  endfacet
  facet normal 0.000000e+00 0.000000e+00 -1.000000e+00
    outer loop
      vertex 0.000000e+00 0.000000e+00 0.000000e+00
      vertex 1.991156e+01 7.439857e+01 0.000000e+00
      vertex 2.074121e+01 7.424731e+01 0.000000e+00
    endloop
  endfacet
  facet normal 0.000000e+00 0.000000e+00 -1.000000e+00
    outer loop
      vertex 0.000000e+00 0.000000e+00 0.000000e+00
      vertex 1.908191e+01 7.454394e+01 0.000000e+00
      vertex 1.991156e+01 7.439857e+01 0.000000e+00
    endloop
  endfacet
  facet normal 0.000000e+00 0.000000e+00 -1.000000e+00
    outer loop
      vertex 0.000000e+00 0.000000e+00 0.000000e+00
      vertex 1.825226e+01 7.468339e+01 0.000000e+00
      vertex 1.908191e+01 7.454394e+01 0.000000e+00
    endloop
  endfacet
  facet normal 0.000000e+00 0.000000e+00 -1.000000e+00
    outer loop
      vertex 0.000000e+00 0.000000e+00 0.000000e+00
      vertex 1.742261e+01 7.481690e+01 0.000000e+00
      vertex 1.825226e+01 7.468339e+01 0.000000e+00
    endloop
  endfacet
  facet normal 0.000000e+00 0.000000e+00 -1.000000e+00
    outer loop
      vertex 0.000000e+00 0.000000e+00 0.000000e+00
      vertex 1.659296e+01 7.494441e+01 0.000000e+00
      vertex 1.742261e+01 7.481690e+01 0.000000e+00
    endloop
  endfacet
  facet normal 0.000000e+00 0.000000e+00 -1.000000e+00
    outer loop
      vertex 0.000000e+00 0.000000e+00 0.000000e+00
      vertex 1.576332e+01 7.506591e+01 0.000000e+00
      vertex 1.659296e+01 7.494441e+01 0.000000e+00
    endloop
  endfacet
  facet normal 0.000000e+00 0.000000e+00 -1.000000e+00
    outer loop
      vertex 0.000000e+00 0.000000e+00 0.000000e+00
      vertex 1.493367e+01 7.518137e+01 0.000000e+00
      vertex 1.576332e+01 7.506591e+01 0.000000e+00
    endloop
  endfacet
  facet normal 0.000000e+00 0.000000e+00 -1.000000e+00
    outer loop
      vertex 0.000000e+00 0.000000e+00 0.000000e+00
      vertex 1.410402e+01 7.529074e+01 0.000000e+00
      vertex 1.493367e+01 7.518137e+01 0.000000e+00
    endloop
  endfacet
  facet normal 0.000000e+00 0.000000e+00 -1.000000e+00
    outer loop
      vertex 0.000000e+00 0.000000e+00 0.000000e+00
      vertex 1.327437e+01 7.539401e+01 0.000000e+00
      vertex 1.410402e+01 7.529074e+01 0.000000e+00
    endloop
  endfacet
  facet normal 0.000000e+00 0.000000e+00 -1.000000e+00
    outer loop
      vertex 0.000000e+00 0.000000e+00 0.000000e+00
      vertex 1.244472e+01 7.549116e+01 0.000000e+00
      vertex 1.327437e+01 7.539401e+01 0.000000e+00
    endloop
  endfacet
  facet normal 0.000000e+00 0.000000e+00 -1.000000e+00
    outer loop
      vertex 0.000000e+00 0.000000e+00 0.000000e+00
      vertex 1.161508e+01 7.558215e+01 0.000000e+00
      vertex 1.244472e+01 7.549116e+01 0.000000e+00
    endloop
  endfacet
  facet normal 0.000000e+00 0.000000e+00 -1.000000e+00
    outer loop
      vertex 0.000000e+00 0.000000e+00 0.000000e+00
      vertex 1.078543e+01 7.566696e+01 0.000000e+00
      vertex 1.161508e+01 7.558215e+01 0.000000e+00
    endloop
  endfacet
  facet normal 0.000000e+00 0.000000e+00 -1.000000e+00
    outer loop
      vertex 0.000000e+00 0.000000e+00 0.000000e+00
      vertex 9.955779e+00 7.574558e+01 0.000000e+00
      vertex 1.078543e+01 7.566696e+01 0.000000e+00
    endloop
  endfacet
  facet normal 0.000000e+00 0.000000e+00 -1.000000e+00
    outer loop
      vertex 0.000000e+00 0.000000e+00 0.000000e+00
      vertex 9.126131e+00 7.581798e+01 0.000000e+00
      vertex 9.955779e+00 7.574558e+01 0.000000e+00
    endloop
  endfacet
  facet normal 0.000000e+00 0.000000e+00 -1.000000e+00
    outer loop
      vertex 0.000000e+00 0.000000e+00 0.000000e+00
      vertex 8.296482e+00 7.588414e+01 0.000000e+00
      vertex 9.126131e+00 7.581798e+01 0.000000e+00
    endloop
  endfacet
  facet normal 0.000000e+00 0.000000e+00 -1.000000e+00
    outer loop
      vertex 0.000000e+00 0.000000e+00 0.000000e+00
      vertex 7.466834e+00 7.594405e+01 0.000000e+00
      vertex 8.296482e+00 7.588414e+01 0.000000e+00
    endloop
  endfacet
  facet normal 0.000000e+00 0.000000e+00 -1.000000e+00
    outer loop
      vertex 0.000000e+00 0.000000e+00 0.000000e+00
      vertex 6.637186e+00 7.599770e+01 0.000000e+00
      vertex 7.466834e+00 7.594405e+01 0.000000e+00
    endloop
  endfacet
  facet normal 0.000000e+00 0.000000e+00 -1.000000e+00
    outer loop
      vertex 0.000000e+00 0.000000e+00 0.000000e+00
      vertex 5.807538e+00 7.604506e+01 0.000000e+00
      vertex 6.637186e+00 7.599770e+01 0.000000e+00
    endloop
  endfacet
  facet normal 0.000000e+00 0.000000e+00 -1.000000e+00
    outer loop
      vertex 0.000000e+00 0.000000e+00 0.000000e+00
      vertex 4.977889e+00 7.608614e+01 0.000000e+00
      vertex 5.807538e+00 7.604506e+01 0.000000e+00
    endloop
  endfacet
  facet normal 0.000000e+00 0.000000e+00 -1.000000e+00
    outer loop
      vertex 0.000000e+00 0.000000e+00 0.000000e+00
      vertex 4.148241e+00 7.612091e+01 0.000000e+00
      vertex 4.977889e+00 7.608614e+01 0.000000e+00
    endloop
  endfacet
  facet normal 0.000000e+00 0.000000e+00 -1.000000e+00
    outer loop
      vertex 0.000000e+00 0.000000e+00 0.000000e+00
      vertex 3.318593e+00 7.614937e+01 0.000000e+00
      vertex 4.148241e+00 7.612091e+01 0.000000e+00
    endloop
  endfacet
  facet normal 0.000000e+00 0.000000e+00 -1.000000e+00
    outer loop
      vertex 0.000000e+00 0.000000e+00 0.000000e+00
      vertex 2.488945e+00 7.617152e+01 0.000000e+00
      vertex 3.318593e+00 7.614937e+01 0.000000e+00
    endloop
  endfacet
  facet normal 0.000000e+00 0.000000e+00 -1.000000e+00
    outer loop
      vertex 0.000000e+00 0.000000e+00 0.000000e+00
      vertex 1.659296e+00 7.618734e+01 0.000000e+00
      vertex 2.488945e+00 7.617152e+01 0.000000e+00
    endloop
  endfacet
  facet normal 0.000000e+00 0.000000e+00 -1.000000e+00
    outer loop
      vertex 0.000000e+00 0.000000e+00 0.000000e+00
      vertex 8.296482e-01 7.619683e+01 0.000000e+00
      vertex 1.659296e+00 7.618734e+01 0.000000e+00
    endloop
  endfacet
  facet normal 0.000000e+00 0.000000e+00 -1.000000e+00
    outer loop
      vertex 0.000000e+00 0.000000e+00 0.000000e+00
      vertex 0.000000e+00 7.620000e+01 0.000000e+00
      vertex 8.296482e-01 7.619683e+01 0.000000e+00
    endloop
  endfacet
  facet normal 0.000000e+00 0.000000e+00 0.000000e+00
    outer loop
      vertex 0.000000e+00 0.000000e+00 0.000000e+00
      vertex 0.000000e+00 2.540000e+01 0.000000e+00
      vertex 0.000000e+00 7.620000e+01 0.000000e+00
    endloop
  endfacet
  facet normal 0.000000e+00 0.000000e+00 0.000000e+00
    outer loop
      vertex 0.000000e+00 0.000000e+00 0.000000e+00
      vertex 0.000000e+00 1.870000e+01 0.000000e+00
      vertex 0.000000e+00 2.540000e+01 0.000000e+00
    endloop
  endfacet
  facet normal 0.000000e+00 0.000000e+00 -1.000000e+00
    outer loop
      vertex 0.000000e+00 0.000000e+00 0.000000e+00
      vertex -5.000000e+00 1.870000e+01 0.000000e+00
      vertex 0.000000e+00 1.870000e+01 0.000000e+00
    endloop
  endfacet
  facet normal 0.000000e+00 0.000000e+00 -1.000000e+00
    outer loop
      vertex 0.000000e+00 0.000000e+00 0.000000e+00
      vertex -5.000000e+00 6.700000e+00 0.000000e+00
      vertex -5.000000e+00 1.870000e+01 0.000000e+00
    endloop
  endfacet
  facet normal 0.000000e+00 -0.000000e+00 1.000000e+00
    outer loop
      vertex 0.000000e+00 0.000000e+00 0.000000e+00
      vertex 0.000000e+00 6.700000e+00 0.000000e+00
      vertex -5.000000e+00 6.700000e+00 0.000000e+00
    endloop
  endfacet
  facet normal 0.000000e+00 0.000000e+00 1.000000e+00
    outer loop
      vertex 0.000000e+00 0.000000e+00 3.000000e+00
      vertex 1.651000e+02 0.000000e+00 3.000000e+00
      vertex 1.651000e+02 6.700000e+00 3.000000e+00
    endloop
  endfacet
  facet normal 0.000000e+00 0.000000e+00 1.000000e+00
    outer loop
      vertex 0.000000e+00 0.000000e+00 3.000000e+00
      vertex 1.651000e+02 6.700000e+00 3.000000e+00
      vertex 1.601000e+02 6.700000e+00 3.000000e+00
    endloop
  endfacet
  facet normal 0.000000e+00 0.000000e+00 1.000000e+00
    outer loop
      vertex 0.000000e+00 0.000000e+00 3.000000e+00
      vertex 1.601000e+02 6.700000e+00 3.000000e+00
      vertex 1.601000e+02 1.870000e+01 3.000000e+00
    endloop
  endfacet
  facet normal 0.000000e+00 0.000000e+00 -1.000000e+00
    outer loop
      vertex 0.000000e+00 0.000000e+00 3.000000e+00
      vertex 1.601000e+02 1.870000e+01 3.000000e+00
      vertex 1.651000e+02 1.870000e+01 3.000000e+00
    endloop
  endfacet
  facet normal 0.000000e+00 0.000000e+00 1.000000e+00
    outer loop
      vertex 0.000000e+00 0.000000e+00 3.000000e+00
      vertex 1.651000e+02 1.870000e+01 3.000000e+00
      vertex 1.651000e+02 2.540000e+01 3.000000e+00
    endloop
  endfacet
  facet normal 0.000000e+00 0.000000e+00 0.000000e+00
    outer loop
      vertex 0.000000e+00 0.000000e+00 3.000000e+00
      vertex 1.651000e+02 2.540000e+01 3.000000e+00
      vertex 1.651000e+02 2.540000e+01 3.000000e+00
    endloop
  endfacet
  facet normal 0.000000e+00 0.000000e+00 1.000000e+00
    outer loop
      vertex 0.000000e+00 0.000000e+00 3.000000e+00
      vertex 1.651000e+02 2.540000e+01 3.000000e+00
      vertex 1.642704e+02 2.540317e+01 3.000000e+00
    endloop
  endfacet
  facet normal 0.000000e+00 0.000000e+00 1.000000e+00
    outer loop
      vertex 0.000000e+00 0.000000e+00 3.000000e+00
      vertex 1.642704e+02 2.540317e+01 3.000000e+00
      vertex 1.634407e+02 2.541266e+01 3.000000e+00
    endloop
  endfacet
  facet normal 0.000000e+00 0.000000e+00 1.000000e+00
    outer loop
      vertex 0.000000e+00 0.000000e+00 3.000000e+00
      vertex 1.634407e+02 2.541266e+01 3.000000e+00
      vertex 1.626111e+02 2.542848e+01 3.000000e+00
    endloop
  endfacet
  facet normal 0.000000e+00 0.000000e+00 1.000000e+00
    outer loop
      vertex 0.000000e+00 0.000000e+00 3.000000e+00
      vertex 1.626111e+02 2.542848e+01 3.000000e+00
      vertex 1.617814e+02 2.545063e+01 3.000000e+00
    endloop
  endfacet
  facet normal 0.000000e+00 0.000000e+00 1.000000e+00
    outer loop
      vertex 0.000000e+00 0.000000e+00 3.000000e+00
      vertex 1.617814e+02 2.545063e+01 3.000000e+00
      vertex 1.609518e+02 2.547909e+01 3.000000e+00
    endloop
  endfacet
  facet normal 0.000000e+00 0.000000e+00 1.000000e+00
    outer loop
      vertex 0.000000e+00 0.000000e+00 3.000000e+00
      vertex 1.609518e+02 2.547909e+01 3.000000e+00
      vertex 1.601221e+02 2.551386e+01 3.000000e+00
    endloop
  endfacet
  facet normal 0.000000e+00 0.000000e+00 1.000000e+00
    outer loop
      vertex 0.000000e+00 0.000000e+00 3.000000e+00
      vertex 1.601221e+02 2.551386e+01 3.000000e+00
      vertex 1.592925e+02 2.555494e+01 3.000000e+00
    endloop
  endfacet
  facet normal 0.000000e+00 0.000000e+00 1.000000e+00
    outer loop
      vertex 0.000000e+00 0.000000e+00 3.000000e+00
      vertex 1.592925e+02 2.555494e+01 3.000000e+00
      vertex 1.584628e+02 2.560230e+01 3.000000e+00
    endloop
  endfacet
  facet normal 0.000000e+00 0.000000e+00 1.000000e+00
    outer loop
      vertex 0.000000e+00 0.000000e+00 3.000000e+00
      vertex 1.584628e+02 2.560230e+01 3.000000e+00
      vertex 1.576332e+02 2.565595e+01 3.000000e+00
    endloop
  endfacet
  facet normal 0.000000e+00 0.000000e+00 1.000000e+00
    outer loop
      vertex 0.000000e+00 0.000000e+00 3.000000e+00
      vertex 1.576332e+02 2.565595e+01 3.000000e+00
      vertex 1.568035e+02 2.571586e+01 3.000000e+00
    endloop
  endfacet
  facet normal 0.000000e+00 0.000000e+00 1.000000e+00
    outer loop
      vertex 0.000000e+00 0.000000e+00 3.000000e+00
      vertex 1.568035e+02 2.571586e+01 3.000000e+00
      vertex 1.559739e+02 2.578202e+01 3.000000e+00
    endloop
  endfacet
  facet normal 0.000000e+00 0.000000e+00 1.000000e+00
    outer loop
      vertex 0.000000e+00 0.000000e+00 3.000000e+00
      vertex 1.559739e+02 2.578202e+01 3.000000e+00
      vertex 1.551442e+02 2.585442e+01 3.000000e+00
    endloop
  endfacet
  facet normal 0.000000e+00 0.000000e+00 1.000000e+00
    outer loop
      vertex 0.000000e+00 0.000000e+00 3.000000e+00
      vertex 1.551442e+02 2.585442e+01 3.000000e+00
      vertex 1.543146e+02 2.593304e+01 3.000000e+00
    endloop
  endfacet
  facet normal 0.000000e+00 0.000000e+00 1.000000e+00
    outer loop
      vertex 0.000000e+00 0.000000e+00 3.000000e+00
      vertex 1.543146e+02 2.593304e+01 3.000000e+00
      vertex 1.534849e+02 2.601785e+01 3.000000e+00
    endloop
  endfacet
  facet normal 0.000000e+00 0.000000e+00 1.000000e+00
    outer loop
      vertex 0.000000e+00 0.000000e+00 3.000000e+00
      vertex 1.534849e+02 2.601785e+01 3.000000e+00
      vertex 1.526553e+02 2.610884e+01 3.000000e+00
    endloop
  endfacet
  facet normal 0.000000e+00 0.000000e+00 1.000000e+00
    outer loop
      vertex 0.000000e+00 0.000000e+00 3.000000e+00
      vertex 1.526553e+02 2.610884e+01 3.000000e+00
      vertex 1.518256e+02 2.620599e+01 3.000000e+00
    endloop
  endfacet
  facet normal 0.000000e+00 0.000000e+00 1.000000e+00
    outer loop
      vertex 0.000000e+00 0.000000e+00 3.000000e+00
      vertex 1.518256e+02 2.620599e+01 3.000000e+00
      vertex 1.509960e+02 2.630926e+01 3.000000e+00
    endloop
  endfacet
  facet normal 0.000000e+00 0.000000e+00 1.000000e+00
    outer loop
      vertex 0.000000e+00 0.000000e+00 3.000000e+00
      vertex 1.509960e+02 2.630926e+01 3.000000e+00
      vertex 1.501663e+02 2.641863e+01 3.000000e+00
    endloop
  endfacet
  facet normal 0.000000e+00 0.000000e+00 1.000000e+00
    outer loop
      vertex 0.000000e+00 0.000000e+00 3.000000e+00
      vertex 1.501663e+02 2.641863e+01 3.000000e+00
      vertex 1.493367e+02 2.653409e+01 3.000000e+00
    endloop
  endfacet
  facet normal 0.000000e+00 0.000000e+00 1.000000e+00
    outer loop
      vertex 0.000000e+00 0.000000e+00 3.000000e+00
      vertex 1.493367e+02 2.653409e+01 3.000000e+00
      vertex 1.485070e+02 2.665559e+01 3.000000e+00
    endloop
  endfacet
  facet normal 0.000000e+00 0.000000e+00 1.000000e+00
    outer loop
      vertex 0.000000e+00 0.000000e+00 3.000000e+00
      vertex 1.485070e+02 2.665559e+01 3.000000e+00
      vertex 1.476774e+02 2.678310e+01 3.000000e+00
    endloop
  endfacet
  facet normal 0.000000e+00 0.000000e+00 1.000000e+00
    outer loop
      vertex 0.000000e+00 0.000000e+00 3.000000e+00
      vertex 1.476774e+02 2.678310e+01 3.000000e+00
      vertex 1.468477e+02 2.691661e+01 3.000000e+00
    endloop
  endfacet
  facet normal 0.000000e+00 0.000000e+00 1.000000e+00
    outer loop
      vertex 0.000000e+00 0.000000e+00 3.000000e+00
      vertex 1.468477e+02 2.691661e+01 3.000000e+00
      vertex 1.460181e+02 2.705606e+01 3.000000e+00
    endloop
  endfacet
  facet normal 0.000000e+00 0.000000e+00 1.000000e+00
    outer loop
      vertex 0.000000e+00 0.000000e+00 3.000000e+00
      vertex 1.460181e+02 2.705606e+01 3.000000e+00
      vertex 1.451884e+02 2.720143e+01 3.000000e+00
    endloop
  endfacet
  facet normal 0.000000e+00 0.000000e+00 1.000000e+00
    outer loop
      vertex 0.000000e+00 0.000000e+00 3.000000e+00
      vertex 1.451884e+02 2.720143e+01 3.000000e+00
      vertex 1.443588e+02 2.735269e+01 3.000000e+00
    endloop
  endfacet
  facet normal 0.000000e+00 0.000000e+00 1.000000e+00
    outer loop
      vertex 0.000000e+00 0.000000e+00 3.000000e+00
      vertex 1.443588e+02 2.735269e+01 3.000000e+00
      vertex 1.435291e+02 2.750978e+01 3.000000e+00
    endloop
  endfacet
  facet normal 0.000000e+00 0.000000e+00 1.000000e+00
    outer loop
      vertex 0.000000e+00 0.000000e+00 3.000000e+00
      vertex 1.435291e+02 2.750978e+01 3.000000e+00
      vertex 1.426995e+02 2.767269e+01 3.000000e+00
    endloop
  endfacet
  facet normal 0.000000e+00 0.000000e+00 1.000000e+00
    outer loop
      vertex 0.000000e+00 0.000000e+00 3.000000e+00
      vertex 1.426995e+02 2.767269e+01 3.000000e+00
      vertex 1.418698e+02 2.784135e+01 3.000000e+00
    endloop
  endfacet
  facet normal 0.000000e+00 0.000000e+00 1.000000e+00
    outer loop
      vertex 0.000000e+00 0.000000e+00 3.000000e+00
      vertex 1.418698e+02 2.784135e+01 3.000000e+00
      vertex 1.410402e+02 2.801574e+01 3.000000e+00
    endloop
  endfacet
  facet normal 0.000000e+00 0.000000e+00 1.000000e+00
    outer loop
      vertex 0.000000e+00 0.000000e+00 3.000000e+00
      vertex 1.410402e+02 2.801574e+01 3.000000e+00
      vertex 1.402106e+02 2.819580e+01 3.000000e+00
    endloop
  endfacet
  facet normal 0.000000e+00 0.000000e+00 1.000000e+00
    outer loop
      vertex 0.000000e+00 0.000000e+00 3.000000e+00
      vertex 1.402106e+02 2.819580e+01 3.000000e+00
      vertex 1.393809e+02 2.838150e+01 3.000000e+00
    endloop
  endfacet
  facet normal 0.000000e+00 0.000000e+00 1.000000e+00
    outer loop
      vertex 0.000000e+00 0.000000e+00 3.000000e+00
      vertex 1.393809e+02 2.838150e+01 3.000000e+00
      vertex 1.385513e+02 2.857279e+01 3.000000e+00
    endloop
  endfacet
  facet normal 0.000000e+00 0.000000e+00 1.000000e+00
    outer loop
      vertex 0.000000e+00 0.000000e+00 3.000000e+00
      vertex 1.385513e+02 2.857279e+01 3.000000e+00
      vertex 1.377216e+02 2.876962e+01 3.000000e+00
    endloop
  endfacet
  facet normal 0.000000e+00 0.000000e+00 1.000000e+00
    outer loop
      vertex 0.000000e+00 0.000000e+00 3.000000e+00
      vertex 1.377216e+02 2.876962e+01 3.000000e+00
      vertex 1.368920e+02 2.897193e+01 3.000000e+00
    endloop
  endfacet
  facet normal 0.000000e+00 0.000000e+00 1.000000e+00
    outer loop
      vertex 0.000000e+00 0.000000e+00 3.000000e+00
      vertex 1.368920e+02 2.897193e+01 3.000000e+00
      vertex 1.360623e+02 2.917969e+01 3.000000e+00
    endloop
  endfacet
  facet normal 0.000000e+00 0.000000e+00 1.000000e+00
    outer loop
      vertex 0.000000e+00 0.000000e+00 3.000000e+00
      vertex 1.360623e+02 2.917969e+01 3.000000e+00
      vertex 1.352327e+02 2.939283e+01 3.000000e+00
    endloop
  endfacet
  facet normal 0.000000e+00 0.000000e+00 1.000000e+00
    outer loop
      vertex 0.000000e+00 0.000000e+00 3.000000e+00
      vertex 1.352327e+02 2.939283e+01 3.000000e+00
      vertex 1.344030e+02 2.961131e+01 3.000000e+00
    endloop
  endfacet
  facet normal 0.000000e+00 0.000000e+00 1.000000e+00
    outer loop
      vertex 0.000000e+00 0.000000e+00 3.000000e+00
      vertex 1.344030e+02 2.961131e+01 3.000000e+00
      vertex 1.335734e+02 2.983507e+01 3.000000e+00
    endloop
  endfacet
  facet normal 0.000000e+00 0.000000e+00 1.000000e+00
    outer loop
      vertex 0.000000e+00 0.000000e+00 3.000000e+00
      vertex 1.335734e+02 2.983507e+01 3.000000e+00
      vertex 1.327437e+02 3.006406e+01 3.000000e+00
    endloop
  endfacet
  facet normal 0.000000e+00 0.000000e+00 1.000000e+00
    outer loop
      vertex 0.000000e+00 0.000000e+00 3.000000e+00
      vertex 1.327437e+02 3.006406e+01 3.000000e+00
      vertex 1.319141e+02 3.029821e+01 3.000000e+00
    endloop
  endfacet
  facet normal 0.000000e+00 0.000000e+00 1.000000e+00
    outer loop
      vertex 0.000000e+00 0.000000e+00 3.000000e+00
      vertex 1.319141e+02 3.029821e+01 3.000000e+00
      vertex 1.310844e+02 3.053747e+01 3.000000e+00
    endloop
  endfacet
  facet normal 0.000000e+00 0.000000e+00 1.000000e+00
    outer loop
      vertex 0.000000e+00 0.000000e+00 3.000000e+00
      vertex 1.310844e+02 3.053747e+01 3.000000e+00
      vertex 1.302548e+02 3.078178e+01 3.000000e+00
    endloop
  endfacet
  facet normal 0.000000e+00 0.000000e+00 1.000000e+00
    outer loop
      vertex 0.000000e+00 0.000000e+00 3.000000e+00
      vertex 1.302548e+02 3.078178e+01 3.000000e+00
      vertex 1.294251e+02 3.103109e+01 3.000000e+00
    endloop
  endfacet
  facet normal 0.000000e+00 0.000000e+00 1.000000e+00
    outer loop
      vertex 0.000000e+00 0.000000e+00 3.000000e+00
      vertex 1.294251e+02 3.103109e+01 3.000000e+00
      vertex 1.285955e+02 3.128531e+01 3.000000e+00
    endloop
  endfacet
  facet normal 0.000000e+00 0.000000e+00 1.000000e+00
    outer loop
      vertex 0.000000e+00 0.000000e+00 3.000000e+00
      vertex 1.285955e+02 3.128531e+01 3.000000e+00
      vertex 1.277658e+02 3.154440e+01 3.000000e+00
    endloop
  endfacet
  facet normal 0.000000e+00 0.000000e+00 1.000000e+00
    outer loop
      vertex 0.000000e+00 0.000000e+00 3.000000e+00
      vertex 1.277658e+02 3.154440e+01 3.000000e+00
      vertex 1.269362e+02 3.180830e+01 3.000000e+00
    endloop
  endfacet
  facet normal 0.000000e+00 0.000000e+00 1.000000e+00
    outer loop
      vertex 0.000000e+00 0.000000e+00 3.000000e+00
      vertex 1.269362e+02 3.180830e+01 3.000000e+00
      vertex 1.261065e+02 3.207692e+01 3.000000e+00
    endloop
  endfacet
  facet normal 0.000000e+00 0.000000e+00 1.000000e+00
    outer loop
      vertex 0.000000e+00 0.000000e+00 3.000000e+00
      vertex 1.261065e+02 3.207692e+01 3.000000e+00
      vertex 1.252769e+02 3.235021e+01 3.000000e+00
    endloop
  endfacet
  facet normal 0.000000e+00 0.000000e+00 1.000000e+00
    outer loop
      vertex 0.000000e+00 0.000000e+00 3.000000e+00
      vertex 1.252769e+02 3.235021e+01 3.000000e+00
      vertex 1.244472e+02 3.262810e+01 3.000000e+00
    endloop
  endfacet
  facet normal 0.000000e+00 0.000000e+00 1.000000e+00
    outer loop
      vertex 0.000000e+00 0.000000e+00 3.000000e+00
      vertex 1.244472e+02 3.262810e+01 3.000000e+00
      vertex 1.236176e+02 3.291051e+01 3.000000e+00
    endloop
  endfacet
  facet normal 0.000000e+00 0.000000e+00 1.000000e+00
    outer loop
      vertex 0.000000e+00 0.000000e+00 3.000000e+00
      vertex 1.236176e+02 3.291051e+01 3.000000e+00
      vertex 1.227879e+02 3.319739e+01 3.000000e+00
    endloop
  endfacet
  facet normal 0.000000e+00 0.000000e+00 1.000000e+00
    outer loop
      vertex 0.000000e+00 0.000000e+00 3.000000e+00
      vertex 1.227879e+02 3.319739e+01 3.000000e+00
      vertex 1.219583e+02 3.348865e+01 3.000000e+00
    endloop
  endfacet
  facet normal 0.000000e+00 0.000000e+00 1.000000e+00
    outer loop
      vertex 0.000000e+00 0.000000e+00 3.000000e+00
      vertex 1.219583e+02 3.348865e+01 3.000000e+00
      vertex 1.211286e+02 3.378423e+01 3.000000e+00
    endloop
  endfacet
  facet normal 0.000000e+00 0.000000e+00 1.000000e+00
    outer loop
      vertex 0.000000e+00 0.000000e+00 3.000000e+00
      vertex 1.211286e+02 3.378423e+01 3.000000e+00
      vertex 1.202990e+02 3.408404e+01 3.000000e+00
    endloop
  endfacet
  facet normal 0.000000e+00 0.000000e+00 1.000000e+00
    outer loop
      vertex 0.000000e+00 0.000000e+00 3.000000e+00
      vertex 1.202990e+02 3.408404e+01 3.000000e+00
      vertex 1.194693e+02 3.438803e+01 3.000000e+00
    endloop
  endfacet
  facet normal 0.000000e+00 0.000000e+00 1.000000e+00
    outer loop
      vertex 0.000000e+00 0.000000e+00 3.000000e+00
      vertex 1.194693e+02 3.438803e+01 3.000000e+00
      vertex 1.186397e+02 3.469610e+01 3.000000e+00
    endloop
  endfacet
  facet normal 0.000000e+00 0.000000e+00 1.000000e+00
    outer loop
      vertex 0.000000e+00 0.000000e+00 3.000000e+00
      vertex 1.186397e+02 3.469610e+01 3.000000e+00
      vertex 1.178101e+02 3.500819e+01 3.000000e+00
    endloop
  endfacet
  facet normal 0.000000e+00 0.000000e+00 1.000000e+00
    outer loop
      vertex 0.000000e+00 0.000000e+00 3.000000e+00
      vertex 1.178101e+02 3.500819e+01 3.000000e+00
      vertex 1.169804e+02 3.532421e+01 3.000000e+00
    endloop
  endfacet
  facet normal 0.000000e+00 0.000000e+00 1.000000e+00
    outer loop
      vertex 0.000000e+00 0.000000e+00 3.000000e+00
      vertex 1.169804e+02 3.532421e+01 3.000000e+00
      vertex 1.161508e+02 3.564409e+01 3.000000e+00
    endloop
  endfacet
  facet normal 0.000000e+00 0.000000e+00 1.000000e+00
    outer loop
      vertex 0.000000e+00 0.000000e+00 3.000000e+00
      vertex 1.161508e+02 3.564409e+01 3.000000e+00
      vertex 1.153211e+02 3.596774e+01 3.000000e+00
    endloop
  endfacet
  facet normal 0.000000e+00 0.000000e+00 1.000000e+00
    outer loop
      vertex 0.000000e+00 0.000000e+00 3.000000e+00
      vertex 1.153211e+02 3.596774e+01 3.000000e+00
      vertex 1.144915e+02 3.629510e+01 3.000000e+00
    endloop
  endfacet
  facet normal 0.000000e+00 0.000000e+00 1.000000e+00
    outer loop
      vertex 0.000000e+00 0.000000e+00 3.000000e+00
      vertex 1.144915e+02 3.629510e+01 3.000000e+00
      vertex 1.136618e+02 3.662606e+01 3.000000e+00
    endloop
  endfacet
  facet normal 0.000000e+00 0.000000e+00 1.000000e+00
    outer loop
      vertex 0.000000e+00 0.000000e+00 3.000000e+00
      vertex 1.136618e+02 3.662606e+01 3.000000e+00
      vertex 1.128322e+02 3.696056e+01 3.000000e+00
    endloop
  endfacet
  facet normal 0.000000e+00 0.000000e+00 1.000000e+00
    outer loop
      vertex 0.000000e+00 0.000000e+00 3.000000e+00
      vertex 1.128322e+02 3.696056e+01 3.000000e+00
      vertex 1.120025e+02 3.729851e+01 3.000000e+00
    endloop
  endfacet
  facet normal 0.000000e+00 0.000000e+00 1.000000e+00
    outer loop
      vertex 0.000000e+00 0.000000e+00 3.000000e+00
      vertex 1.120025e+02 3.729851e+01 3.000000e+00
      vertex 1.111729e+02 3.763983e+01 3.000000e+00
    endloop
  endfacet
  facet normal 0.000000e+00 0.000000e+00 1.000000e+00
    outer loop
      vertex 0.000000e+00 0.000000e+00 3.000000e+00
      vertex 1.111729e+02 3.763983e+01 3.000000e+00
      vertex 1.103432e+02 3.798442e+01 3.000000e+00
    endloop
  endfacet
  facet normal 0.000000e+00 0.000000e+00 1.000000e+00
    outer loop
      vertex 0.000000e+00 0.000000e+00 3.000000e+00
      vertex 1.103432e+02 3.798442e+01 3.000000e+00
      vertex 1.095136e+02 3.833221e+01 3.000000e+00
    endloop
  endfacet
  facet normal 0.000000e+00 0.000000e+00 1.000000e+00
    outer loop
      vertex 0.000000e+00 0.000000e+00 3.000000e+00
      vertex 1.095136e+02 3.833221e+01 3.000000e+00
      vertex 1.086839e+02 3.868310e+01 3.000000e+00
    endloop
  endfacet
  facet normal 0.000000e+00 0.000000e+00 1.000000e+00
    outer loop
      vertex 0.000000e+00 0.000000e+00 3.000000e+00
      vertex 1.086839e+02 3.868310e+01 3.000000e+00
      vertex 1.078543e+02 3.903702e+01 3.000000e+00
    endloop
  endfacet
  facet normal 0.000000e+00 0.000000e+00 1.000000e+00
    outer loop
      vertex 0.000000e+00 0.000000e+00 3.000000e+00
      vertex 1.078543e+02 3.903702e+01 3.000000e+00
      vertex 1.070246e+02 3.939387e+01 3.000000e+00
    endloop
  endfacet
  facet normal 0.000000e+00 0.000000e+00 1.000000e+00
    outer loop
      vertex 0.000000e+00 0.000000e+00 3.000000e+00
      vertex 1.070246e+02 3.939387e+01 3.000000e+00
      vertex 1.061950e+02 3.975355e+01 3.000000e+00
    endloop
  endfacet
  facet normal 0.000000e+00 0.000000e+00 1.000000e+00
    outer loop
      vertex 0.000000e+00 0.000000e+00 3.000000e+00
      vertex 1.061950e+02 3.975355e+01 3.000000e+00
      vertex 1.053653e+02 4.011600e+01 3.000000e+00
    endloop
  endfacet
  facet normal 0.000000e+00 0.000000e+00 1.000000e+00
    outer loop
      vertex 0.000000e+00 0.000000e+00 3.000000e+00
      vertex 1.053653e+02 4.011600e+01 3.000000e+00
      vertex 1.045357e+02 4.048110e+01 3.000000e+00
    endloop
  endfacet
  facet normal 0.000000e+00 0.000000e+00 1.000000e+00
    outer loop
      vertex 0.000000e+00 0.000000e+00 3.000000e+00
      vertex 1.045357e+02 4.048110e+01 3.000000e+00
      vertex 1.037060e+02 4.084878e+01 3.000000e+00
    endloop
  endfacet
  facet normal 0.000000e+00 0.000000e+00 1.000000e+00
    outer loop
      vertex 0.000000e+00 0.000000e+00 3.000000e+00
      vertex 1.037060e+02 4.084878e+01 3.000000e+00
      vertex 1.028764e+02 4.121893e+01 3.000000e+00
    endloop
  endfacet
  facet normal 0.000000e+00 0.000000e+00 1.000000e+00
    outer loop
      vertex 0.000000e+00 0.000000e+00 3.000000e+00
      vertex 1.028764e+02 4.121893e+01 3.000000e+00
      vertex 1.020467e+02 4.159148e+01 3.000000e+00
    endloop
  endfacet
  facet normal 0.000000e+00 0.000000e+00 1.000000e+00
    outer loop
      vertex 0.000000e+00 0.000000e+00 3.000000e+00
      vertex 1.020467e+02 4.159148e+01 3.000000e+00
      vertex 1.012171e+02 4.196632e+01 3.000000e+00
    endloop
  endfacet
  facet normal 0.000000e+00 0.000000e+00 1.000000e+00
    outer loop
      vertex 0.000000e+00 0.000000e+00 3.000000e+00
      vertex 1.012171e+02 4.196632e+01 3.000000e+00
      vertex 1.003874e+02 4.234336e+01 3.000000e+00
    endloop
  endfacet
  facet normal 0.000000e+00 0.000000e+00 1.000000e+00
    outer loop
      vertex 0.000000e+00 0.000000e+00 3.000000e+00
      vertex 1.003874e+02 4.234336e+01 3.000000e+00
      vertex 9.955779e+01 4.272251e+01 3.000000e+00
    endloop
  endfacet
  facet normal 0.000000e+00 0.000000e+00 1.000000e+00
    outer loop
      vertex 0.000000e+00 0.000000e+00 3.000000e+00
      vertex 9.955779e+01 4.272251e+01 3.000000e+00
      vertex 9.872814e+01 4.310367e+01 3.000000e+00
    endloop
  endfacet
  facet normal 0.000000e+00 0.000000e+00 1.000000e+00
    outer loop
      vertex 0.000000e+00 0.000000e+00 3.000000e+00
      vertex 9.872814e+01 4.310367e+01 3.000000e+00
      vertex 9.789849e+01 4.348675e+01 3.000000e+00
    endloop
  endfacet
  facet normal 0.000000e+00 0.000000e+00 1.000000e+00
    outer loop
      vertex 0.000000e+00 0.000000e+00 3.000000e+00
      vertex 9.789849e+01 4.348675e+01 3.000000e+00
      vertex 9.706884e+01 4.387165e+01 3.000000e+00
    endloop
  endfacet
  facet normal 0.000000e+00 0.000000e+00 1.000000e+00
    outer loop
      vertex 0.000000e+00 0.000000e+00 3.000000e+00
      vertex 9.706884e+01 4.387165e+01 3.000000e+00
      vertex 9.623920e+01 4.425828e+01 3.000000e+00
    endloop
  endfacet
  facet normal 0.000000e+00 0.000000e+00 1.000000e+00
    outer loop
      vertex 0.000000e+00 0.000000e+00 3.000000e+00
      vertex 9.623920e+01 4.425828e+01 3.000000e+00
      vertex 9.540955e+01 4.464654e+01 3.000000e+00
    endloop
  endfacet
  facet normal 0.000000e+00 0.000000e+00 1.000000e+00
    outer loop
      vertex 0.000000e+00 0.000000e+00 3.000000e+00
      vertex 9.540955e+01 4.464654e+01 3.000000e+00
      vertex 9.457990e+01 4.503633e+01 3.000000e+00
    endloop
  endfacet
  facet normal 0.000000e+00 0.000000e+00 1.000000e+00
    outer loop
      vertex 0.000000e+00 0.000000e+00 3.000000e+00
      vertex 9.457990e+01 4.503633e+01 3.000000e+00
      vertex 9.375025e+01 4.542756e+01 3.000000e+00
    endloop
  endfacet
  facet normal 0.000000e+00 0.000000e+00 1.000000e+00
    outer loop
      vertex 0.000000e+00 0.000000e+00 3.000000e+00
      vertex 9.375025e+01 4.542756e+01 3.000000e+00
      vertex 9.292060e+01 4.582013e+01 3.000000e+00
    endloop
  endfacet
  facet normal 0.000000e+00 0.000000e+00 1.000000e+00
    outer loop
      vertex 0.000000e+00 0.000000e+00 3.000000e+00
      vertex 9.292060e+01 4.582013e+01 3.000000e+00
      vertex 9.209095e+01 4.621394e+01 3.000000e+00
    endloop
  endfacet
  facet normal 0.000000e+00 0.000000e+00 1.000000e+00
    outer loop
      vertex 0.000000e+00 0.000000e+00 3.000000e+00
      vertex 9.209095e+01 4.621394e+01 3.000000e+00
      vertex 9.126131e+01 4.660889e+01 3.000000e+00
    endloop
  endfacet
  facet normal 0.000000e+00 0.000000e+00 1.000000e+00
    outer loop
      vertex 0.000000e+00 0.000000e+00 3.000000e+00
      vertex 9.126131e+01 4.660889e+01 3.000000e+00
      vertex 9.043166e+01 4.700489e+01 3.000000e+00
    endloop
  endfacet
  facet normal 0.000000e+00 0.000000e+00 1.000000e+00
    outer loop
      vertex 0.000000e+00 0.000000e+00 3.000000e+00
      vertex 9.043166e+01 4.700489e+01 3.000000e+00
      vertex 8.960201e+01 4.740183e+01 3.000000e+00
    endloop
  endfacet
  facet normal 0.000000e+00 0.000000e+00 1.000000e+00
    outer loop
      vertex 0.000000e+00 0.000000e+00 3.000000e+00
      vertex 8.960201e+01 4.740183e+01 3.000000e+00
      vertex 8.877236e+01 4.779962e+01 3.000000e+00
    endloop
  endfacet
  facet normal 0.000000e+00 0.000000e+00 1.000000e+00
    outer loop
      vertex 0.000000e+00 0.000000e+00 3.000000e+00
      vertex 8.877236e+01 4.779962e+01 3.000000e+00
      vertex 8.794271e+01 4.819815e+01 3.000000e+00
    endloop
  endfacet
  facet normal 0.000000e+00 0.000000e+00 1.000000e+00
    outer loop
      vertex 0.000000e+00 0.000000e+00 3.000000e+00
      vertex 8.794271e+01 4.819815e+01 3.000000e+00
      vertex 8.711307e+01 4.859734e+01 3.000000e+00
    endloop
  endfacet
  facet normal 0.000000e+00 0.000000e+00 1.000000e+00
    outer loop
      vertex 0.000000e+00 0.000000e+00 3.000000e+00
      vertex 8.711307e+01 4.859734e+01 3.000000e+00
      vertex 8.628342e+01 4.899707e+01 3.000000e+00
    endloop
  endfacet
  facet normal 0.000000e+00 0.000000e+00 1.000000e+00
    outer loop
      vertex 0.000000e+00 0.000000e+00 3.000000e+00
      vertex 8.628342e+01 4.899707e+01 3.000000e+00
      vertex 8.545377e+01 4.939726e+01 3.000000e+00
    endloop
  endfacet
  facet normal 0.000000e+00 0.000000e+00 1.000000e+00
    outer loop
      vertex 0.000000e+00 0.000000e+00 3.000000e+00
      vertex 8.545377e+01 4.939726e+01 3.000000e+00
      vertex 8.462412e+01 4.979779e+01 3.000000e+00
    endloop
  endfacet
  facet normal 0.000000e+00 0.000000e+00 1.000000e+00
    outer loop
      vertex 0.000000e+00 0.000000e+00 3.000000e+00
      vertex 8.462412e+01 4.979779e+01 3.000000e+00
      vertex 8.379447e+01 5.019858e+01 3.000000e+00
    endloop
  endfacet
  facet normal 0.000000e+00 0.000000e+00 1.000000e+00
    outer loop
      vertex 0.000000e+00 0.000000e+00 3.000000e+00
      vertex 8.379447e+01 5.019858e+01 3.000000e+00
      vertex 8.296482e+01 5.059951e+01 3.000000e+00
    endloop
  endfacet
  facet normal 0.000000e+00 0.000000e+00 1.000000e+00
    outer loop
      vertex 0.000000e+00 0.000000e+00 3.000000e+00
      vertex 8.296482e+01 5.059951e+01 3.000000e+00
      vertex 8.213518e+01 5.100049e+01 3.000000e+00
    endloop
  endfacet
  facet normal 0.000000e+00 0.000000e+00 1.000000e+00
    outer loop
      vertex 0.000000e+00 0.000000e+00 3.000000e+00
      vertex 8.213518e+01 5.100049e+01 3.000000e+00
      vertex 8.130553e+01 5.140142e+01 3.000000e+00
    endloop
  endfacet
  facet normal 0.000000e+00 0.000000e+00 1.000000e+00
    outer loop
      vertex 0.000000e+00 0.000000e+00 3.000000e+00
      vertex 8.130553e+01 5.140142e+01 3.000000e+00
      vertex 8.047588e+01 5.180221e+01 3.000000e+00
    endloop
  endfacet
  facet normal 0.000000e+00 0.000000e+00 1.000000e+00
    outer loop
      vertex 0.000000e+00 0.000000e+00 3.000000e+00
      vertex 8.047588e+01 5.180221e+01 3.000000e+00
      vertex 7.964623e+01 5.220274e+01 3.000000e+00
    endloop
  endfacet
  facet normal 0.000000e+00 0.000000e+00 1.000000e+00
    outer loop
      vertex 0.000000e+00 0.000000e+00 3.000000e+00
      vertex 7.964623e+01 5.220274e+01 3.000000e+00
      vertex 7.881658e+01 5.260293e+01 3.000000e+00
    endloop
  endfacet
  facet normal 0.000000e+00 0.000000e+00 1.000000e+00
    outer loop
      vertex 0.000000e+00 0.000000e+00 3.000000e+00
      vertex 7.881658e+01 5.260293e+01 3.000000e+00
      vertex 7.798693e+01 5.300266e+01 3.000000e+00
    endloop
  endfacet
  facet normal 0.000000e+00 0.000000e+00 1.000000e+00
    outer loop
      vertex 0.000000e+00 0.000000e+00 3.000000e+00
      vertex 7.798693e+01 5.300266e+01 3.000000e+00
      vertex 7.715729e+01 5.340185e+01 3.000000e+00
    endloop
  endfacet
  facet normal 0.000000e+00 0.000000e+00 1.000000e+00
    outer loop
      vertex 0.000000e+00 0.000000e+00 3.000000e+00
      vertex 7.715729e+01 5.340185e+01 3.000000e+00
      vertex 7.632764e+01 5.380038e+01 3.000000e+00
    endloop
  endfacet
  facet normal 0.000000e+00 0.000000e+00 1.000000e+00
    outer loop
      vertex 0.000000e+00 0.000000e+00 3.000000e+00
      vertex 7.632764e+01 5.380038e+01 3.000000e+00
      vertex 7.549799e+01 5.419817e+01 3.000000e+00
    endloop
  endfacet
  facet normal 0.000000e+00 0.000000e+00 1.000000e+00
    outer loop
      vertex 0.000000e+00 0.000000e+00 3.000000e+00
      vertex 7.549799e+01 5.419817e+01 3.000000e+00
      vertex 7.466834e+01 5.459511e+01 3.000000e+00
    endloop
  endfacet
  facet normal 0.000000e+00 0.000000e+00 1.000000e+00
    outer loop
      vertex 0.000000e+00 0.000000e+00 3.000000e+00
      vertex 7.466834e+01 5.459511e+01 3.000000e+00
      vertex 7.383869e+01 5.499111e+01 3.000000e+00
    endloop
  endfacet
  facet normal 0.000000e+00 0.000000e+00 1.000000e+00
    outer loop
      vertex 0.000000e+00 0.000000e+00 3.000000e+00
      vertex 7.383869e+01 5.499111e+01 3.000000e+00
      vertex 7.300905e+01 5.538606e+01 3.000000e+00
    endloop
  endfacet
  facet normal 0.000000e+00 0.000000e+00 1.000000e+00
    outer loop
      vertex 0.000000e+00 0.000000e+00 3.000000e+00
      vertex 7.300905e+01 5.538606e+01 3.000000e+00
      vertex 7.217940e+01 5.577987e+01 3.000000e+00
    endloop
  endfacet
  facet normal 0.000000e+00 0.000000e+00 1.000000e+00
    outer loop
      vertex 0.000000e+00 0.000000e+00 3.000000e+00
      vertex 7.217940e+01 5.577987e+01 3.000000e+00
      vertex 7.134975e+01 5.617244e+01 3.000000e+00
    endloop
  endfacet
  facet normal 0.000000e+00 0.000000e+00 1.000000e+00
    outer loop
      vertex 0.000000e+00 0.000000e+00 3.000000e+00
      vertex 7.134975e+01 5.617244e+01 3.000000e+00
      vertex 7.052010e+01 5.656367e+01 3.000000e+00
    endloop
  endfacet
  facet normal 0.000000e+00 0.000000e+00 1.000000e+00
    outer loop
      vertex 0.000000e+00 0.000000e+00 3.000000e+00
      vertex 7.052010e+01 5.656367e+01 3.000000e+00
      vertex 6.969045e+01 5.695346e+01 3.000000e+00
    endloop
  endfacet
  facet normal 0.000000e+00 0.000000e+00 1.000000e+00
    outer loop
      vertex 0.000000e+00 0.000000e+00 3.000000e+00
      vertex 6.969045e+01 5.695346e+01 3.000000e+00
      vertex 6.886080e+01 5.734172e+01 3.000000e+00
    endloop
  endfacet
  facet normal 0.000000e+00 0.000000e+00 1.000000e+00
    outer loop
      vertex 0.000000e+00 0.000000e+00 3.000000e+00
      vertex 6.886080e+01 5.734172e+01 3.000000e+00
      vertex 6.803116e+01 5.772835e+01 3.000000e+00
    endloop
  endfacet
  facet normal 0.000000e+00 0.000000e+00 1.000000e+00
    outer loop
      vertex 0.000000e+00 0.000000e+00 3.000000e+00
      vertex 6.803116e+01 5.772835e+01 3.000000e+00
      vertex 6.720151e+01 5.811325e+01 3.000000e+00
    endloop
  endfacet
  facet normal 0.000000e+00 0.000000e+00 1.000000e+00
    outer loop
      vertex 0.000000e+00 0.000000e+00 3.000000e+00
      vertex 6.720151e+01 5.811325e+01 3.000000e+00
      vertex 6.637186e+01 5.849633e+01 3.000000e+00
    endloop
  endfacet
  facet normal 0.000000e+00 0.000000e+00 1.000000e+00
    outer loop
      vertex 0.000000e+00 0.000000e+00 3.000000e+00
      vertex 6.637186e+01 5.849633e+01 3.000000e+00
      vertex 6.554221e+01 5.887749e+01 3.000000e+00
    endloop
  endfacet
  facet normal 0.000000e+00 0.000000e+00 1.000000e+00
    outer loop
      vertex 0.000000e+00 0.000000e+00 3.000000e+00
      vertex 6.554221e+01 5.887749e+01 3.000000e+00
      vertex 6.471256e+01 5.925664e+01 3.000000e+00
    endloop
  endfacet
  facet normal 0.000000e+00 0.000000e+00 1.000000e+00
    outer loop
      vertex 0.000000e+00 0.000000e+00 3.000000e+00
      vertex 6.471256e+01 5.925664e+01 3.000000e+00
      vertex 6.388291e+01 5.963368e+01 3.000000e+00
    endloop
  endfacet
  facet normal 0.000000e+00 0.000000e+00 1.000000e+00
    outer loop
      vertex 0.000000e+00 0.000000e+00 3.000000e+00
      vertex 6.388291e+01 5.963368e+01 3.000000e+00
      vertex 6.305327e+01 6.000852e+01 3.000000e+00
    endloop
  endfacet
  facet normal 0.000000e+00 0.000000e+00 1.000000e+00
    outer loop
      vertex 0.000000e+00 0.000000e+00 3.000000e+00
      vertex 6.305327e+01 6.000852e+01 3.000000e+00
      vertex 6.222362e+01 6.038107e+01 3.000000e+00
    endloop
  endfacet
  facet normal 0.000000e+00 0.000000e+00 1.000000e+00
    outer loop
      vertex 0.000000e+00 0.000000e+00 3.000000e+00
      vertex 6.222362e+01 6.038107e+01 3.000000e+00
      vertex 6.139397e+01 6.075122e+01 3.000000e+00
    endloop
  endfacet
  facet normal 0.000000e+00 0.000000e+00 1.000000e+00
    outer loop
      vertex 0.000000e+00 0.000000e+00 3.000000e+00
      vertex 6.139397e+01 6.075122e+01 3.000000e+00
      vertex 6.056432e+01 6.111890e+01 3.000000e+00
    endloop
  endfacet
  facet normal 0.000000e+00 0.000000e+00 1.000000e+00
    outer loop
      vertex 0.000000e+00 0.000000e+00 3.000000e+00
      vertex 6.056432e+01 6.111890e+01 3.000000e+00
      vertex 5.973467e+01 6.148400e+01 3.000000e+00
    endloop
  endfacet
  facet normal 0.000000e+00 0.000000e+00 1.000000e+00
    outer loop
      vertex 0.000000e+00 0.000000e+00 3.000000e+00
      vertex 5.973467e+01 6.148400e+01 3.000000e+00
      vertex 5.890503e+01 6.184645e+01 3.000000e+00
    endloop
  endfacet
  facet normal 0.000000e+00 0.000000e+00 1.000000e+00
    outer loop
      vertex 0.000000e+00 0.000000e+00 3.000000e+00
      vertex 5.890503e+01 6.184645e+01 3.000000e+00
      vertex 5.807538e+01 6.220613e+01 3.000000e+00
    endloop
  endfacet
  facet normal 0.000000e+00 0.000000e+00 1.000000e+00
    outer loop
      vertex 0.000000e+00 0.000000e+00 3.000000e+00
      vertex 5.807538e+01 6.220613e+01 3.000000e+00
      vertex 5.724573e+01 6.256298e+01 3.000000e+00
    endloop
  endfacet
  facet normal 0.000000e+00 0.000000e+00 1.000000e+00
    outer loop
      vertex 0.000000e+00 0.000000e+00 3.000000e+00
      vertex 5.724573e+01 6.256298e+01 3.000000e+00
      vertex 5.641608e+01 6.291690e+01 3.000000e+00
    endloop
  endfacet
  facet normal 0.000000e+00 0.000000e+00 1.000000e+00
    outer loop
      vertex 0.000000e+00 0.000000e+00 3.000000e+00
      vertex 5.641608e+01 6.291690e+01 3.000000e+00
      vertex 5.558643e+01 6.326779e+01 3.000000e+00
    endloop
  endfacet
  facet normal 0.000000e+00 0.000000e+00 1.000000e+00
    outer loop
      vertex 0.000000e+00 0.000000e+00 3.000000e+00
      vertex 5.558643e+01 6.326779e+01 3.000000e+00
      vertex 5.475678e+01 6.361558e+01 3.000000e+00
    endloop
  endfacet
  facet normal 0.000000e+00 0.000000e+00 1.000000e+00
    outer loop
      vertex 0.000000e+00 0.000000e+00 3.000000e+00
      vertex 5.475678e+01 6.361558e+01 3.000000e+00
      vertex 5.392714e+01 6.396017e+01 3.000000e+00
    endloop
  endfacet
  facet normal 0.000000e+00 0.000000e+00 1.000000e+00
    outer loop
      vertex 0.000000e+00 0.000000e+00 3.000000e+00
      vertex 5.392714e+01 6.396017e+01 3.000000e+00
      vertex 5.309749e+01 6.430149e+01 3.000000e+00
    endloop
  endfacet
  facet normal 0.000000e+00 0.000000e+00 1.000000e+00
    outer loop
      vertex 0.000000e+00 0.000000e+00 3.000000e+00
      vertex 5.309749e+01 6.430149e+01 3.000000e+00
      vertex 5.226784e+01 6.463944e+01 3.000000e+00
    endloop
  endfacet
  facet normal 0.000000e+00 0.000000e+00 1.000000e+00
    outer loop
      vertex 0.000000e+00 0.000000e+00 3.000000e+00
      vertex 5.226784e+01 6.463944e+01 3.000000e+00
      vertex 5.143819e+01 6.497394e+01 3.000000e+00
    endloop
  endfacet
  facet normal 0.000000e+00 0.000000e+00 1.000000e+00
    outer loop
      vertex 0.000000e+00 0.000000e+00 3.000000e+00
      vertex 5.143819e+01 6.497394e+01 3.000000e+00
      vertex 5.060854e+01 6.530490e+01 3.000000e+00
    endloop
  endfacet
  facet normal 0.000000e+00 0.000000e+00 1.000000e+00
    outer loop
      vertex 0.000000e+00 0.000000e+00 3.000000e+00
      vertex 5.060854e+01 6.530490e+01 3.000000e+00
      vertex 4.977889e+01 6.563226e+01 3.000000e+00
    endloop
  endfacet
  facet normal 0.000000e+00 0.000000e+00 1.000000e+00
    outer loop
      vertex 0.000000e+00 0.000000e+00 3.000000e+00
      vertex 4.977889e+01 6.563226e+01 3.000000e+00
      vertex 4.894925e+01 6.595591e+01 3.000000e+00
    endloop
  endfacet
  facet normal 0.000000e+00 0.000000e+00 1.000000e+00
    outer loop
      vertex 0.000000e+00 0.000000e+00 3.000000e+00
      vertex 4.894925e+01 6.595591e+01 3.000000e+00
      vertex 4.811960e+01 6.627579e+01 3.000000e+00
    endloop
  endfacet
  facet normal 0.000000e+00 0.000000e+00 1.000000e+00
    outer loop
      vertex 0.000000e+00 0.000000e+00 3.000000e+00
      vertex 4.811960e+01 6.627579e+01 3.000000e+00
      vertex 4.728995e+01 6.659181e+01 3.000000e+00
    endloop
  endfacet
  facet normal 0.000000e+00 0.000000e+00 1.000000e+00
    outer loop
      vertex 0.000000e+00 0.000000e+00 3.000000e+00
      vertex 4.728995e+01 6.659181e+01 3.000000e+00
      vertex 4.646030e+01 6.690390e+01 3.000000e+00
    endloop
  endfacet
  facet normal 0.000000e+00 0.000000e+00 1.000000e+00
    outer loop
      vertex 0.000000e+00 0.000000e+00 3.000000e+00
      vertex 4.646030e+01 6.690390e+01 3.000000e+00
      vertex 4.563065e+01 6.721197e+01 3.000000e+00
    endloop
  endfacet
  facet normal 0.000000e+00 0.000000e+00 1.000000e+00
    outer loop
      vertex 0.000000e+00 0.000000e+00 3.000000e+00
      vertex 4.563065e+01 6.721197e+01 3.000000e+00
      vertex 4.480101e+01 6.751596e+01 3.000000e+00
    endloop
  endfacet
  facet normal 0.000000e+00 0.000000e+00 1.000000e+00
    outer loop
      vertex 0.000000e+00 0.000000e+00 3.000000e+00
      vertex 4.480101e+01 6.751596e+01 3.000000e+00
      vertex 4.397136e+01 6.781577e+01 3.000000e+00
    endloop
  endfacet
  facet normal 0.000000e+00 0.000000e+00 1.000000e+00
    outer loop
      vertex 0.000000e+00 0.000000e+00 3.000000e+00
      vertex 4.397136e+01 6.781577e+01 3.000000e+00
      vertex 4.314171e+01 6.811135e+01 3.000000e+00
    endloop
  endfacet
  facet normal 0.000000e+00 0.000000e+00 1.000000e+00
    outer loop
      vertex 0.000000e+00 0.000000e+00 3.000000e+00
      vertex 4.314171e+01 6.811135e+01 3.000000e+00
      vertex 4.231206e+01 6.840261e+01 3.000000e+00
    endloop
  endfacet
  facet normal 0.000000e+00 0.000000e+00 1.000000e+00
    outer loop
      vertex 0.000000e+00 0.000000e+00 3.000000e+00
      vertex 4.231206e+01 6.840261e+01 3.000000e+00
      vertex 4.148241e+01 6.868949e+01 3.000000e+00
    endloop
  endfacet
  facet normal 0.000000e+00 0.000000e+00 1.000000e+00
    outer loop
      vertex 0.000000e+00 0.000000e+00 3.000000e+00
      vertex 4.148241e+01 6.868949e+01 3.000000e+00
      vertex 4.065276e+01 6.897190e+01 3.000000e+00
    endloop
  endfacet
  facet normal 0.000000e+00 0.000000e+00 1.000000e+00
    outer loop
      vertex 0.000000e+00 0.000000e+00 3.000000e+00
      vertex 4.065276e+01 6.897190e+01 3.000000e+00
      vertex 3.982312e+01 6.924979e+01 3.000000e+00
    endloop
  endfacet
  facet normal 0.000000e+00 0.000000e+00 1.000000e+00
    outer loop
      vertex 0.000000e+00 0.000000e+00 3.000000e+00
      vertex 3.982312e+01 6.924979e+01 3.000000e+00
      vertex 3.899347e+01 6.952308e+01 3.000000e+00
    endloop
  endfacet
  facet normal 0.000000e+00 0.000000e+00 1.000000e+00
    outer loop
      vertex 0.000000e+00 0.000000e+00 3.000000e+00
      vertex 3.899347e+01 6.952308e+01 3.000000e+00
      vertex 3.816382e+01 6.979170e+01 3.000000e+00
    endloop
  endfacet
  facet normal 0.000000e+00 0.000000e+00 1.000000e+00
    outer loop
      vertex 0.000000e+00 0.000000e+00 3.000000e+00
      vertex 3.816382e+01 6.979170e+01 3.000000e+00
      vertex 3.733417e+01 7.005560e+01 3.000000e+00
    endloop
  endfacet
  facet normal 0.000000e+00 0.000000e+00 1.000000e+00
    outer loop
      vertex 0.000000e+00 0.000000e+00 3.000000e+00
      vertex 3.733417e+01 7.005560e+01 3.000000e+00
      vertex 3.650452e+01 7.031469e+01 3.000000e+00
    endloop
  endfacet
  facet normal 0.000000e+00 0.000000e+00 1.000000e+00
    outer loop
      vertex 0.000000e+00 0.000000e+00 3.000000e+00
      vertex 3.650452e+01 7.031469e+01 3.000000e+00
      vertex 3.567487e+01 7.056891e+01 3.000000e+00
    endloop
  endfacet
  facet normal 0.000000e+00 0.000000e+00 1.000000e+00
    outer loop
      vertex 0.000000e+00 0.000000e+00 3.000000e+00
      vertex 3.567487e+01 7.056891e+01 3.000000e+00
      vertex 3.484523e+01 7.081822e+01 3.000000e+00
    endloop
  endfacet
  facet normal 0.000000e+00 0.000000e+00 1.000000e+00
    outer loop
      vertex 0.000000e+00 0.000000e+00 3.000000e+00
      vertex 3.484523e+01 7.081822e+01 3.000000e+00
      vertex 3.401558e+01 7.106253e+01 3.000000e+00
    endloop
  endfacet
  facet normal 0.000000e+00 0.000000e+00 1.000000e+00
    outer loop
      vertex 0.000000e+00 0.000000e+00 3.000000e+00
      vertex 3.401558e+01 7.106253e+01 3.000000e+00
      vertex 3.318593e+01 7.130179e+01 3.000000e+00
    endloop
  endfacet
  facet normal 0.000000e+00 0.000000e+00 1.000000e+00
    outer loop
      vertex 0.000000e+00 0.000000e+00 3.000000e+00
      vertex 3.318593e+01 7.130179e+01 3.000000e+00
      vertex 3.235628e+01 7.153594e+01 3.000000e+00
    endloop
  endfacet
  facet normal 0.000000e+00 0.000000e+00 1.000000e+00
    outer loop
      vertex 0.000000e+00 0.000000e+00 3.000000e+00
      vertex 3.235628e+01 7.153594e+01 3.000000e+00
      vertex 3.152663e+01 7.176493e+01 3.000000e+00
    endloop
  endfacet
  facet normal 0.000000e+00 0.000000e+00 1.000000e+00
    outer loop
      vertex 0.000000e+00 0.000000e+00 3.000000e+00
      vertex 3.152663e+01 7.176493e+01 3.000000e+00
      vertex 3.069698e+01 7.198869e+01 3.000000e+00
    endloop
  endfacet
  facet normal 0.000000e+00 0.000000e+00 1.000000e+00
    outer loop
      vertex 0.000000e+00 0.000000e+00 3.000000e+00
      vertex 3.069698e+01 7.198869e+01 3.000000e+00
      vertex 2.986734e+01 7.220717e+01 3.000000e+00
    endloop
  endfacet
  facet normal 0.000000e+00 0.000000e+00 1.000000e+00
    outer loop
      vertex 0.000000e+00 0.000000e+00 3.000000e+00
      vertex 2.986734e+01 7.220717e+01 3.000000e+00
      vertex 2.903769e+01 7.242031e+01 3.000000e+00
    endloop
  endfacet
  facet normal 0.000000e+00 0.000000e+00 1.000000e+00
    outer loop
      vertex 0.000000e+00 0.000000e+00 3.000000e+00
      vertex 2.903769e+01 7.242031e+01 3.000000e+00
      vertex 2.820804e+01 7.262807e+01 3.000000e+00
    endloop
  endfacet
  facet normal 0.000000e+00 0.000000e+00 1.000000e+00
    outer loop
      vertex 0.000000e+00 0.000000e+00 3.000000e+00
      vertex 2.820804e+01 7.262807e+01 3.000000e+00
      vertex 2.737839e+01 7.283038e+01 3.000000e+00
    endloop
  endfacet
  facet normal 0.000000e+00 0.000000e+00 1.000000e+00
    outer loop
      vertex 0.000000e+00 0.000000e+00 3.000000e+00
      vertex 2.737839e+01 7.283038e+01 3.000000e+00
      vertex 2.654874e+01 7.302721e+01 3.000000e+00
    endloop
  endfacet
  facet normal 0.000000e+00 0.000000e+00 1.000000e+00
    outer loop
      vertex 0.000000e+00 0.000000e+00 3.000000e+00
      vertex 2.654874e+01 7.302721e+01 3.000000e+00
      vertex 2.571910e+01 7.321850e+01 3.000000e+00
    endloop
  endfacet
  facet normal 0.000000e+00 0.000000e+00 1.000000e+00
    outer loop
      vertex 0.000000e+00 0.000000e+00 3.000000e+00
      vertex 2.571910e+01 7.321850e+01 3.000000e+00
      vertex 2.488945e+01 7.340420e+01 3.000000e+00
    endloop
  endfacet
  facet normal 0.000000e+00 0.000000e+00 1.000000e+00
    outer loop
      vertex 0.000000e+00 0.000000e+00 3.000000e+00
      vertex 2.488945e+01 7.340420e+01 3.000000e+00
      vertex 2.405980e+01 7.358426e+01 3.000000e+00
    endloop
  endfacet
  facet normal 0.000000e+00 0.000000e+00 1.000000e+00
    outer loop
      vertex 0.000000e+00 0.000000e+00 3.000000e+00
      vertex 2.405980e+01 7.358426e+01 3.000000e+00
      vertex 2.323015e+01 7.375865e+01 3.000000e+00
    endloop
  endfacet
  facet normal 0.000000e+00 0.000000e+00 1.000000e+00
    outer loop
      vertex 0.000000e+00 0.000000e+00 3.000000e+00
      vertex 2.323015e+01 7.375865e+01 3.000000e+00
      vertex 2.240050e+01 7.392731e+01 3.000000e+00
    endloop
  endfacet
  facet normal 0.000000e+00 0.000000e+00 1.000000e+00
    outer loop
      vertex 0.000000e+00 0.000000e+00 3.000000e+00
      vertex 2.240050e+01 7.392731e+01 3.000000e+00
      vertex 2.157085e+01 7.409022e+01 3.000000e+00
    endloop
  endfacet
  facet normal 0.000000e+00 0.000000e+00 1.000000e+00
    outer loop
      vertex 0.000000e+00 0.000000e+00 3.000000e+00
      vertex 2.157085e+01 7.409022e+01 3.000000e+00
      vertex 2.074121e+01 7.424731e+01 3.000000e+00
    endloop
  endfacet
  facet normal 0.000000e+00 0.000000e+00 1.000000e+00
    outer loop
      vertex 0.000000e+00 0.000000e+00 3.000000e+00
      vertex 2.074121e+01 7.424731e+01 3.000000e+00
      vertex 1.991156e+01 7.439857e+01 3.000000e+00
    endloop
  endfacet
  facet normal 0.000000e+00 0.000000e+00 1.000000e+00
    outer loop
      vertex 0.000000e+00 0.000000e+00 3.000000e+00
      vertex 1.991156e+01 7.439857e+01 3.000000e+00
      vertex 1.908191e+01 7.454394e+01 3.000000e+00
    endloop
  endfacet
  facet normal 0.000000e+00 0.000000e+00 1.000000e+00
    outer loop
      vertex 0.000000e+00 0.000000e+00 3.000000e+00
      vertex 1.908191e+01 7.454394e+01 3.000000e+00
      vertex 1.825226e+01 7.468339e+01 3.000000e+00
    endloop
  endfacet
  facet normal 0.000000e+00 0.000000e+00 1.000000e+00
    outer loop
      vertex 0.000000e+00 0.000000e+00 3.000000e+00
      vertex 1.825226e+01 7.468339e+01 3.000000e+00
      vertex 1.742261e+01 7.481690e+01 3.000000e+00
    endloop
  endfacet
  facet normal 0.000000e+00 0.000000e+00 1.000000e+00
    outer loop
      vertex 0.000000e+00 0.000000e+00 3.000000e+00
      vertex 1.742261e+01 7.481690e+01 3.000000e+00
      vertex 1.659296e+01 7.494441e+01 3.000000e+00
    endloop
  endfacet
  facet normal 0.000000e+00 0.000000e+00 1.000000e+00
    outer loop
      vertex 0.000000e+00 0.000000e+00 3.000000e+00
      vertex 1.659296e+01 7.494441e+01 3.000000e+00
      vertex 1.576332e+01 7.506591e+01 3.000000e+00
    endloop
  endfacet
  facet normal 0.000000e+00 0.000000e+00 1.000000e+00
    outer loop
      vertex 0.000000e+00 0.000000e+00 3.000000e+00
      vertex 1.576332e+01 7.506591e+01 3.000000e+00
      vertex 1.493367e+01 7.518137e+01 3.000000e+00
    endloop
  endfacet
  facet normal 0.000000e+00 0.000000e+00 1.000000e+00
    outer loop
      vertex 0.000000e+00 0.000000e+00 3.000000e+00
      vertex 1.493367e+01 7.518137e+01 3.000000e+00
      vertex 1.410402e+01 7.529074e+01 3.000000e+00
    endloop
  endfacet
  facet normal 0.000000e+00 0.000000e+00 1.000000e+00
    outer loop
      vertex 0.000000e+00 0.000000e+00 3.000000e+00
      vertex 1.410402e+01 7.529074e+01 3.000000e+00
      vertex 1.327437e+01 7.539401e+01 3.000000e+00
    endloop
  endfacet
  facet normal 0.000000e+00 0.000000e+00 1.000000e+00
    outer loop
      vertex 0.000000e+00 0.000000e+00 3.000000e+00
      vertex 1.327437e+01 7.539401e+01 3.000000e+00
      vertex 1.244472e+01 7.549116e+01 3.000000e+00
    endloop
  endfacet
  facet normal 0.000000e+00 0.000000e+00 1.000000e+00
    outer loop
      vertex 0.000000e+00 0.000000e+00 3.000000e+00
      vertex 1.244472e+01 7.549116e+01 3.000000e+00
      vertex 1.161508e+01 7.558215e+01 3.000000e+00
    endloop
  endfacet
  facet normal 0.000000e+00 0.000000e+00 1.000000e+00
    outer loop
      vertex 0.000000e+00 0.000000e+00 3.000000e+00
      vertex 1.161508e+01 7.558215e+01 3.000000e+00
      vertex 1.078543e+01 7.566696e+01 3.000000e+00
    endloop
  endfacet
  facet normal 0.000000e+00 0.000000e+00 1.000000e+00
    outer loop
      vertex 0.000000e+00 0.000000e+00 3.000000e+00
      vertex 1.078543e+01 7.566696e+01 3.000000e+00
      vertex 9.955779e+00 7.574558e+01 3.000000e+00
    endloop
  endfacet
  facet normal 0.000000e+00 0.000000e+00 1.000000e+00
    outer loop
      vertex 0.000000e+00 0.000000e+00 3.000000e+00
      vertex 9.955779e+00 7.574558e+01 3.000000e+00
      vertex 9.126131e+00 7.581798e+01 3.000000e+00
    endloop
  endfacet
  facet normal 0.000000e+00 0.000000e+00 1.000000e+00
    outer loop
      vertex 0.000000e+00 0.000000e+00 3.000000e+00
      vertex 9.126131e+00 7.581798e+01 3.000000e+00
      vertex 8.296482e+00 7.588414e+01 3.000000e+00
    endloop
  endfacet
  facet normal 0.000000e+00 0.000000e+00 1.000000e+00
    outer loop
      vertex 0.000000e+00 0.000000e+00 3.000000e+00
      vertex 8.296482e+00 7.588414e+01 3.000000e+00
      vertex 7.466834e+00 7.594405e+01 3.000000e+00
    endloop
  endfacet
  facet normal 0.000000e+00 0.000000e+00 1.000000e+00
    outer loop
      vertex 0.000000e+00 0.000000e+00 3.000000e+00
      vertex 7.466834e+00 7.594405e+01 3.000000e+00
      vertex 6.637186e+00 7.599770e+01 3.000000e+00
    endloop
  endfacet
  facet normal 0.000000e+00 0.000000e+00 1.000000e+00
    outer loop
      vertex 0.000000e+00 0.000000e+00 3.000000e+00
      vertex 6.637186e+00 7.599770e+01 3.000000e+00
      vertex 5.807538e+00 7.604506e+01 3.000000e+00
    endloop
  endfacet
  facet normal 0.000000e+00 0.000000e+00 1.000000e+00
    outer loop
      vertex 0.000000e+00 0.000000e+00 3.000000e+00
      vertex 5.807538e+00 7.604506e+01 3.000000e+00
      vertex 4.977889e+00 7.608614e+01 3.000000e+00
    endloop
  endfacet
  facet normal 0.000000e+00 0.000000e+00 1.000000e+00
    outer loop
      vertex 0.000000e+00 0.000000e+00 3.000000e+00
      vertex 4.977889e+00 7.608614e+01 3.000000e+00
      vertex 4.148241e+00 7.612091e+01 3.000000e+00
    endloop
  endfacet
  facet normal 0.000000e+00 0.000000e+00 1.000000e+00
    outer loop
      vertex 0.000000e+00 0.000000e+00 3.000000e+00
      vertex 4.148241e+00 7.612091e+01 3.000000e+00
      vertex 3.318593e+00 7.614937e+01 3.000000e+00
    endloop
  endfacet
  facet normal 0.000000e+00 0.000000e+00 1.000000e+00
    outer loop
      vertex 0.000000e+00 0.000000e+00 3.000000e+00
      vertex 3.318593e+00 7.614937e+01 3.000000e+00
      vertex 2.488945e+00 7.617152e+01 3.000000e+00
    endloop
  endfacet
  facet normal 0.000000e+00 0.000000e+00 1.000000e+00
    outer loop
      vertex 0.000000e+00 0.000000e+00 3.000000e+00
      vertex 2.488945e+00 7.617152e+01 3.000000e+00
      vertex 1.659296e+00 7.618734e+01 3.000000e+00
    endloop
  endfacet
  facet normal 0.000000e+00 0.000000e+00 1.000000e+00
    outer loop
      vertex 0.000000e+00 0.000000e+00 3.000000e+00
      vertex 1.659296e+00 7.618734e+01 3.000000e+00
      vertex 8.296482e-01 7.619683e+01 3.000000e+00
    endloop
  endfacet
  facet normal 0.000000e+00 0.000000e+00 1.000000e+00
    outer loop
      vertex 0.000000e+00 0.000000e+00 3.000000e+00
      vertex 8.296482e-01 7.619683e+01 3.000000e+00
      vertex 0.000000e+00 7.620000e+01 3.000000e+00
    endloop
  endfacet
  facet normal 0.000000e+00 0.000000e+00 0.000000e+00
    outer loop
      vertex 0.000000e+00 0.000000e+00 3.000000e+00
      vertex 0.000000e+00 7.620000e+01 3.000000e+00
      vertex 0.000000e+00 2.540000e+01 3.000000e+00
    endloop
  endfacet
  facet normal 0.000000e+00 0.000000e+00 0.000000e+00
    outer loop
      vertex 0.000000e+00 0.000000e+00 3.000000e+00
      vertex 0.000000e+00 2.540000e+01 3.000000e+00
      vertex 0.000000e+00 1.870000e+01 3.000000e+00
    endloop
  endfacet
  facet normal 0.000000e+00 -0.000000e+00 1.000000e+00
    outer loop
      vertex 0.000000e+00 0.000000e+00 3.000000e+00
      vertex 0.000000e+00 1.870000e+01 3.000000e+00
      vertex -5.000000e+00 1.870000e+01 3.000000e+00
    endloop
  endfacet
  facet normal 0.000000e+00 0.000000e+00 1.000000e+00
    outer loop
      vertex 0.000000e+00 0.000000e+00 3.000000e+00
      vertex -5.000000e+00 1.870000e+01 3.000000e+00
      vertex -5.000000e+00 6.700000e+00 3.000000e+00
    endloop
  endfacet
  facet normal 0.000000e+00 0.000000e+00 -1.000000e+00
    outer loop
      vertex 0.000000e+00 0.000000e+00 3.000000e+00
      vertex -5.000000e+00 6.700000e+00 3.000000e+00
      vertex 0.000000e+00 6.700000e+00 3.000000e+00
    endloop
  endfacet
  facet normal 0.000000e+00 -1.000000e+00 0.000000e+00
    outer loop
      vertex 0.000000e+00 0.000000e+00 0.000000e+00
      vertex 1.651000e+02 0.000000e+00 0.000000e+00
      vertex 1.651000e+02 0.000000e+00 3.000000e+00
    endloop
  endfacet
  facet normal 0.000000e+00 -1.000000e+00 0.000000e+00
    outer loop
      vertex 0.000000e+00 0.000000e+00 0.000000e+00
      vertex 1.651000e+02 0.000000e+00 3.000000e+00
      vertex 0.000000e+00 0.000000e+00 3.000000e+00
    endloop
  endfacet
  facet normal 1.000000e+00 0.000000e+00 0.000000e+00
    outer loop
      vertex 1.651000e+02 0.000000e+00 0.000000e+00
      vertex 1.651000e+02 6.700000e+00 0.000000e+00
      vertex 1.651000e+02 6.700000e+00 3.000000e+00
    endloop
  endfacet
  facet normal 1.000000e+00 0.000000e+00 0.000000e+00
    outer loop
      vertex 1.651000e+02 0.000000e+00 0.000000e+00
      vertex 1.651000e+02 6.700000e+00 3.000000e+00
      vertex 1.651000e+02 0.000000e+00 3.000000e+00
    endloop
  endfacet
  facet normal 0.000000e+00 1.000000e+00 0.000000e+00
    outer loop
      vertex 1.651000e+02 6.700000e+00 0.000000e+00
      vertex 1.601000e+02 6.700000e+00 0.000000e+00
      vertex 1.601000e+02 6.700000e+00 3.000000e+00
    endloop
  endfacet
  facet normal 0.000000e+00 1.000000e+00 -0.000000e+00
    outer loop
      vertex 1.651000e+02 6.700000e+00 0.000000e+00
      vertex 1.601000e+02 6.700000e+00 3.000000e+00
      vertex 1.651000e+02 6.700000e+00 3.000000e+00
    endloop
  endfacet
  facet normal 1.000000e+00 0.000000e+00 0.000000e+00
    outer loop
      vertex 1.601000e+02 6.700000e+00 0.000000e+00
      vertex 1.601000e+02 1.870000e+01 0.000000e+00
      vertex 1.601000e+02 1.870000e+01 3.000000e+00
    endloop
  endfacet
  facet normal 1.000000e+00 0.000000e+00 0.000000e+00
    outer loop
      vertex 1.601000e+02 6.700000e+00 0.000000e+00
      vertex 1.601000e+02 1.870000e+01 3.000000e+00
      vertex 1.601000e+02 6.700000e+00 3.000000e+00
    endloop
  endfacet
  facet normal 0.000000e+00 -1.000000e+00 0.000000e+00
    outer loop
      vertex 1.601000e+02 1.870000e+01 0.000000e+00
      vertex 1.651000e+02 1.870000e+01 0.000000e+00
      vertex 1.651000e+02 1.870000e+01 3.000000e+00
    endloop
  endfacet
  facet normal 0.000000e+00 -1.000000e+00 0.000000e+00
    outer loop
      vertex 1.601000e+02 1.870000e+01 0.000000e+00
      vertex 1.651000e+02 1.870000e+01 3.000000e+00
      vertex 1.601000e+02 1.870000e+01 3.000000e+00
    endloop
  endfacet
  facet normal 1.000000e+00 0.000000e+00 0.000000e+00
    outer loop
      vertex 1.651000e+02 1.870000e+01 0.000000e+00
      vertex 1.651000e+02 2.540000e+01 0.000000e+00
      vertex 1.651000e+02 2.540000e+01 3.000000e+00
    endloop
  endfacet
  facet normal 1.000000e+00 0.000000e+00 0.000000e+00
    outer loop
      vertex 1.651000e+02 1.870000e+01 0.000000e+00
      vertex 1.651000e+02 2.540000e+01 3.000000e+00
      vertex 1.651000e+02 1.870000e+01 3.000000e+00
    endloop
  endfacet
  facet normal 0.000000e+00 0.000000e+00 0.000000e+00
    outer loop
      vertex 1.651000e+02 2.540000e+01 0.000000e+00
      vertex 1.651000e+02 2.540000e+01 0.000000e+00
      vertex 1.651000e+02 2.540000e+01 3.000000e+00
    endloop
  endfacet
  facet normal 0.000000e+00 0.000000e+00 0.000000e+00
    outer loop
      vertex 1.651000e+02 2.540000e+01 0.000000e+00
      vertex 1.651000e+02 2.540000e+01 3.000000e+00
      vertex 1.651000e+02 2.540000e+01 3.000000e+00
    endloop
  endfacet
  facet normal 3.814970e-03 9.999927e-01 0.000000e+00
    outer loop
      vertex 1.651000e+02 2.540000e+01 0.000000e+00
      vertex 1.642704e+02 2.540317e+01 0.000000e+00
      vertex 1.642704e+02 2.540317e+01 3.000000e+00
    endloop
  endfacet
  facet normal 3.814970e-03 9.999927e-01 -0.000000e+00
    outer loop
      vertex 1.651000e+02 2.540000e+01 0.000000e+00
      vertex 1.642704e+02 2.540317e+01 3.000000e+00
      vertex 1.651000e+02 2.540000e+01 3.000000e+00
    endloop
  endfacet
  facet normal 1.144329e-02 9.999345e-01 0.000000e+00
    outer loop
      vertex 1.642704e+02 2.540317e+01 0.000000e+00
      vertex 1.634407e+02 2.541266e+01 0.000000e+00
      vertex 1.634407e+02 2.541266e+01 3.000000e+00
    endloop
  endfacet
  facet normal 1.144329e-02 9.999345e-01 -0.000000e+00
    outer loop
      vertex 1.642704e+02 2.540317e+01 0.000000e+00
      vertex 1.634407e+02 2.541266e+01 3.000000e+00
      vertex 1.642704e+02 2.540317e+01 3.000000e+00
    endloop
  endfacet
  facet normal 1.906677e-02 9.998182e-01 0.000000e+00
    outer loop
      vertex 1.634407e+02 2.541266e+01 0.000000e+00
      vertex 1.626111e+02 2.542848e+01 0.000000e+00
      vertex 1.626111e+02 2.542848e+01 3.000000e+00
    endloop
  endfacet
  facet normal 1.906677e-02 9.998182e-01 -0.000000e+00
    outer loop
      vertex 1.634407e+02 2.541266e+01 0.000000e+00
      vertex 1.626111e+02 2.542848e+01 3.000000e+00
      vertex 1.634407e+02 2.541266e+01 3.000000e+00
    endloop
  endfacet
  facet normal 2.668217e-02 9.996440e-01 0.000000e+00
    outer loop
      vertex 1.626111e+02 2.542848e+01 0.000000e+00
      vertex 1.617814e+02 2.545063e+01 0.000000e+00
      vertex 1.617814e+02 2.545063e+01 3.000000e+00
    endloop
  endfacet
  facet normal 2.668217e-02 9.996440e-01 -0.000000e+00
    outer loop
      vertex 1.626111e+02 2.542848e+01 0.000000e+00
      vertex 1.617814e+02 2.545063e+01 3.000000e+00
      vertex 1.626111e+02 2.542848e+01 3.000000e+00
    endloop
  endfacet
  facet normal 3.428629e-02 9.994121e-01 0.000000e+00
    outer loop
      vertex 1.617814e+02 2.545063e+01 0.000000e+00
      vertex 1.609518e+02 2.547909e+01 0.000000e+00
      vertex 1.609518e+02 2.547909e+01 3.000000e+00
    endloop
  endfacet
  facet normal 3.428629e-02 9.994121e-01 -0.000000e+00
    outer loop
      vertex 1.617814e+02 2.545063e+01 0.000000e+00
      vertex 1.609518e+02 2.547909e+01 3.000000e+00
      vertex 1.617814e+02 2.545063e+01 3.000000e+00
    endloop
  endfacet
  facet normal 4.187594e-02 9.991228e-01 0.000000e+00
    outer loop
      vertex 1.609518e+02 2.547909e+01 0.000000e+00
      vertex 1.601221e+02 2.551386e+01 0.000000e+00
      vertex 1.601221e+02 2.551386e+01 3.000000e+00
    endloop
  endfacet
  facet normal 4.187594e-02 9.991228e-01 -0.000000e+00
    outer loop
      vertex 1.609518e+02 2.547909e+01 0.000000e+00
      vertex 1.601221e+02 2.551386e+01 3.000000e+00
      vertex 1.609518e+02 2.547909e+01 3.000000e+00
    endloop
  endfacet
  facet normal 4.944793e-02 9.987767e-01 0.000000e+00
    outer loop
      vertex 1.601221e+02 2.551386e+01 0.000000e+00
      vertex 1.592925e+02 2.555494e+01 0.000000e+00
      vertex 1.592925e+02 2.555494e+01 3.000000e+00
    endloop
  endfacet
  facet normal 4.944793e-02 9.987767e-01 -0.000000e+00
    outer loop
      vertex 1.601221e+02 2.551386e+01 0.000000e+00
      vertex 1.592925e+02 2.555494e+01 3.000000e+00
      vertex 1.601221e+02 2.551386e+01 3.000000e+00
    endloop
  endfacet
  facet normal 5.699913e-02 9.983742e-01 0.000000e+00
    outer loop
      vertex 1.592925e+02 2.555494e+01 0.000000e+00
      vertex 1.584628e+02 2.560230e+01 0.000000e+00
      vertex 1.584628e+02 2.560230e+01 3.000000e+00
    endloop
  endfacet
  facet normal 5.699913e-02 9.983742e-01 -0.000000e+00
    outer loop
      vertex 1.592925e+02 2.555494e+01 0.000000e+00
      vertex 1.584628e+02 2.560230e+01 3.000000e+00
      vertex 1.592925e+02 2.555494e+01 3.000000e+00
    endloop
  endfacet
  facet normal 6.452642e-02 9.979160e-01 0.000000e+00
    outer loop
      vertex 1.584628e+02 2.560230e+01 0.000000e+00
      vertex 1.576332e+02 2.565595e+01 0.000000e+00
      vertex 1.576332e+02 2.565595e+01 3.000000e+00
    endloop
  endfacet
  facet normal 6.452642e-02 9.979160e-01 -0.000000e+00
    outer loop
      vertex 1.584628e+02 2.560230e+01 0.000000e+00
      vertex 1.576332e+02 2.565595e+01 3.000000e+00
      vertex 1.584628e+02 2.560230e+01 3.000000e+00
    endloop
  endfacet
  facet normal 7.202672e-02 9.974027e-01 0.000000e+00
    outer loop
      vertex 1.576332e+02 2.565595e+01 0.000000e+00
      vertex 1.568035e+02 2.571586e+01 0.000000e+00
      vertex 1.568035e+02 2.571586e+01 3.000000e+00
    endloop
  endfacet
  facet normal 7.202672e-02 9.974027e-01 -0.000000e+00
    outer loop
      vertex 1.576332e+02 2.565595e+01 0.000000e+00
      vertex 1.568035e+02 2.571586e+01 3.000000e+00
      vertex 1.576332e+02 2.565595e+01 3.000000e+00
    endloop
  endfacet
  facet normal 7.949700e-02 9.968351e-01 0.000000e+00
    outer loop
      vertex 1.568035e+02 2.571586e+01 0.000000e+00
      vertex 1.559739e+02 2.578202e+01 0.000000e+00
      vertex 1.559739e+02 2.578202e+01 3.000000e+00
    endloop
  endfacet
  facet normal 7.949700e-02 9.968351e-01 -0.000000e+00
    outer loop
      vertex 1.568035e+02 2.571586e+01 0.000000e+00
      vertex 1.559739e+02 2.578202e+01 3.000000e+00
      vertex 1.568035e+02 2.571586e+01 3.000000e+00
    endloop
  endfacet
  facet normal 8.693426e-02 9.962141e-01 0.000000e+00
    outer loop
      vertex 1.559739e+02 2.578202e+01 0.000000e+00
      vertex 1.551442e+02 2.585442e+01 0.000000e+00
      vertex 1.551442e+02 2.585442e+01 3.000000e+00
    endloop
  endfacet
  facet normal 8.693426e-02 9.962141e-01 -0.000000e+00
    outer loop
      vertex 1.559739e+02 2.578202e+01 0.000000e+00
      vertex 1.551442e+02 2.585442e+01 3.000000e+00
      vertex 1.559739e+02 2.578202e+01 3.000000e+00
    endloop
  endfacet
  facet normal 9.433555e-02 9.955405e-01 0.000000e+00
    outer loop
      vertex 1.551442e+02 2.585442e+01 0.000000e+00
      vertex 1.543146e+02 2.593304e+01 0.000000e+00
      vertex 1.543146e+02 2.593304e+01 3.000000e+00
    endloop
  endfacet
  facet normal 9.433555e-02 9.955405e-01 -0.000000e+00
    outer loop
      vertex 1.551442e+02 2.585442e+01 0.000000e+00
      vertex 1.543146e+02 2.593304e+01 3.000000e+00
      vertex 1.551442e+02 2.585442e+01 3.000000e+00
    endloop
  endfacet
  facet normal 1.016980e-01 9.948153e-01 0.000000e+00
    outer loop
      vertex 1.543146e+02 2.593304e+01 0.000000e+00
      vertex 1.534849e+02 2.601785e+01 0.000000e+00
      vertex 1.534849e+02 2.601785e+01 3.000000e+00
    endloop
  endfacet
  facet normal 1.016980e-01 9.948153e-01 -0.000000e+00
    outer loop
      vertex 1.543146e+02 2.593304e+01 0.000000e+00
      vertex 1.534849e+02 2.601785e+01 3.000000e+00
      vertex 1.543146e+02 2.593304e+01 3.000000e+00
    endloop
  endfacet
  facet normal 1.090187e-01 9.940397e-01 0.000000e+00
    outer loop
      vertex 1.534849e+02 2.601785e+01 0.000000e+00
      vertex 1.526553e+02 2.610884e+01 0.000000e+00
      vertex 1.526553e+02 2.610884e+01 3.000000e+00
    endloop
  endfacet
  facet normal 1.090187e-01 9.940397e-01 -0.000000e+00
    outer loop
      vertex 1.534849e+02 2.601785e+01 0.000000e+00
      vertex 1.526553e+02 2.610884e+01 3.000000e+00
      vertex 1.534849e+02 2.601785e+01 3.000000e+00
    endloop
  endfacet
  facet normal 1.162950e-01 9.932147e-01 0.000000e+00
    outer loop
      vertex 1.526553e+02 2.610884e+01 0.000000e+00
      vertex 1.518256e+02 2.620599e+01 0.000000e+00
      vertex 1.518256e+02 2.620599e+01 3.000000e+00
    endloop
  endfacet
  facet normal 1.162950e-01 9.932147e-01 -0.000000e+00
    outer loop
      vertex 1.526553e+02 2.610884e+01 0.000000e+00
      vertex 1.518256e+02 2.620599e+01 3.000000e+00
      vertex 1.526553e+02 2.610884e+01 3.000000e+00
    endloop
  endfacet
  facet normal 1.235240e-01 9.923416e-01 0.000000e+00
    outer loop
      vertex 1.518256e+02 2.620599e+01 0.000000e+00
      vertex 1.509960e+02 2.630926e+01 0.000000e+00
      vertex 1.509960e+02 2.630926e+01 3.000000e+00
    endloop
  endfacet
  facet normal 1.235240e-01 9.923416e-01 -0.000000e+00
    outer loop
      vertex 1.518256e+02 2.620599e+01 0.000000e+00
      vertex 1.509960e+02 2.630926e+01 3.000000e+00
      vertex 1.518256e+02 2.620599e+01 3.000000e+00
    endloop
  endfacet
  facet normal 1.307033e-01 9.914215e-01 0.000000e+00
    outer loop
      vertex 1.509960e+02 2.630926e+01 0.000000e+00
      vertex 1.501663e+02 2.641863e+01 0.000000e+00
      vertex 1.501663e+02 2.641863e+01 3.000000e+00
    endloop
  endfacet
  facet normal 1.307033e-01 9.914215e-01 -0.000000e+00
    outer loop
      vertex 1.509960e+02 2.630926e+01 0.000000e+00
      vertex 1.501663e+02 2.641863e+01 3.000000e+00
      vertex 1.509960e+02 2.630926e+01 3.000000e+00
    endloop
  endfacet
  facet normal 1.378301e-01 9.904559e-01 0.000000e+00
    outer loop
      vertex 1.501663e+02 2.641863e+01 0.000000e+00
      vertex 1.493367e+02 2.653409e+01 0.000000e+00
      vertex 1.493367e+02 2.653409e+01 3.000000e+00
    endloop
  endfacet
  facet normal 1.378301e-01 9.904559e-01 -0.000000e+00
    outer loop
      vertex 1.501663e+02 2.641863e+01 0.000000e+00
      vertex 1.493367e+02 2.653409e+01 3.000000e+00
      vertex 1.501663e+02 2.641863e+01 3.000000e+00
    endloop
  endfacet
  facet normal 1.449019e-01 9.894460e-01 0.000000e+00
    outer loop
      vertex 1.493367e+02 2.653409e+01 0.000000e+00
      vertex 1.485070e+02 2.665559e+01 0.000000e+00
      vertex 1.485070e+02 2.665559e+01 3.000000e+00
    endloop
  endfacet
  facet normal 1.449019e-01 9.894460e-01 -0.000000e+00
    outer loop
      vertex 1.493367e+02 2.653409e+01 0.000000e+00
      vertex 1.485070e+02 2.665559e+01 3.000000e+00
      vertex 1.493367e+02 2.653409e+01 3.000000e+00
    endloop
  endfacet
  facet normal 1.519164e-01 9.883933e-01 0.000000e+00
    outer loop
      vertex 1.485070e+02 2.665559e+01 0.000000e+00
      vertex 1.476774e+02 2.678310e+01 0.000000e+00
      vertex 1.476774e+02 2.678310e+01 3.000000e+00
    endloop
  endfacet
  facet normal 1.519164e-01 9.883933e-01 -0.000000e+00
    outer loop
      vertex 1.485070e+02 2.665559e+01 0.000000e+00
      vertex 1.476774e+02 2.678310e+01 3.000000e+00
      vertex 1.485070e+02 2.665559e+01 3.000000e+00
    endloop
  endfacet
  facet normal 1.588712e-01 9.872993e-01 0.000000e+00
    outer loop
      vertex 1.476774e+02 2.678310e+01 0.000000e+00
      vertex 1.468477e+02 2.691661e+01 0.000000e+00
      vertex 1.468477e+02 2.691661e+01 3.000000e+00
    endloop
  endfacet
  facet normal 1.588712e-01 9.872993e-01 -0.000000e+00
    outer loop
      vertex 1.476774e+02 2.678310e+01 0.000000e+00
      vertex 1.468477e+02 2.691661e+01 3.000000e+00
      vertex 1.476774e+02 2.678310e+01 3.000000e+00
    endloop
  endfacet
  facet normal 1.657639e-01 9.861655e-01 0.000000e+00
    outer loop
      vertex 1.468477e+02 2.691661e+01 0.000000e+00
      vertex 1.460181e+02 2.705606e+01 0.000000e+00
      vertex 1.460181e+02 2.705606e+01 3.000000e+00
    endloop
  endfacet
  facet normal 1.657639e-01 9.861655e-01 -0.000000e+00
    outer loop
      vertex 1.468477e+02 2.691661e+01 0.000000e+00
      vertex 1.460181e+02 2.705606e+01 3.000000e+00
      vertex 1.468477e+02 2.691661e+01 3.000000e+00
    endloop
  endfacet
  facet normal 1.725923e-01 9.849933e-01 0.000000e+00
    outer loop
      vertex 1.460181e+02 2.705606e+01 0.000000e+00
      vertex 1.451884e+02 2.720143e+01 0.000000e+00
      vertex 1.451884e+02 2.720143e+01 3.000000e+00
    endloop
  endfacet
  facet normal 1.725923e-01 9.849933e-01 -0.000000e+00
    outer loop
      vertex 1.460181e+02 2.705606e+01 0.000000e+00
      vertex 1.451884e+02 2.720143e+01 3.000000e+00
      vertex 1.460181e+02 2.705606e+01 3.000000e+00
    endloop
  endfacet
  facet normal 1.793544e-01 9.837845e-01 0.000000e+00
    outer loop
      vertex 1.451884e+02 2.720143e+01 0.000000e+00
      vertex 1.443588e+02 2.735269e+01 0.000000e+00
      vertex 1.443588e+02 2.735269e+01 3.000000e+00
    endloop
  endfacet
  facet normal 1.793544e-01 9.837845e-01 -0.000000e+00
    outer loop
      vertex 1.451884e+02 2.720143e+01 0.000000e+00
      vertex 1.443588e+02 2.735269e+01 3.000000e+00
      vertex 1.451884e+02 2.720143e+01 3.000000e+00
    endloop
  endfacet
  facet normal 1.860481e-01 9.825406e-01 0.000000e+00
    outer loop
      vertex 1.443588e+02 2.735269e+01 0.000000e+00
      vertex 1.435291e+02 2.750978e+01 0.000000e+00
      vertex 1.435291e+02 2.750978e+01 3.000000e+00
    endloop
  endfacet
  facet normal 1.860481e-01 9.825406e-01 -0.000000e+00
    outer loop
      vertex 1.443588e+02 2.735269e+01 0.000000e+00
      vertex 1.435291e+02 2.750978e+01 3.000000e+00
      vertex 1.443588e+02 2.735269e+01 3.000000e+00
    endloop
  endfacet
  facet normal 1.926714e-01 9.812633e-01 0.000000e+00
    outer loop
      vertex 1.435291e+02 2.750978e+01 0.000000e+00
      vertex 1.426995e+02 2.767269e+01 0.000000e+00
      vertex 1.426995e+02 2.767269e+01 3.000000e+00
    endloop
  endfacet
  facet normal 1.926714e-01 9.812633e-01 -0.000000e+00
    outer loop
      vertex 1.435291e+02 2.750978e+01 0.000000e+00
      vertex 1.426995e+02 2.767269e+01 3.000000e+00
      vertex 1.435291e+02 2.750978e+01 3.000000e+00
    endloop
  endfacet
  facet normal 1.992224e-01 9.799543e-01 0.000000e+00
    outer loop
      vertex 1.426995e+02 2.767269e+01 0.000000e+00
      vertex 1.418698e+02 2.784135e+01 0.000000e+00
      vertex 1.418698e+02 2.784135e+01 3.000000e+00
    endloop
  endfacet
  facet normal 1.992224e-01 9.799543e-01 -0.000000e+00
    outer loop
      vertex 1.426995e+02 2.767269e+01 0.000000e+00
      vertex 1.418698e+02 2.784135e+01 3.000000e+00
      vertex 1.426995e+02 2.767269e+01 3.000000e+00
    endloop
  endfacet
  facet normal 2.056993e-01 9.786152e-01 0.000000e+00
    outer loop
      vertex 1.418698e+02 2.784135e+01 0.000000e+00
      vertex 1.410402e+02 2.801574e+01 0.000000e+00
      vertex 1.410402e+02 2.801574e+01 3.000000e+00
    endloop
  endfacet
  facet normal 2.056993e-01 9.786152e-01 -0.000000e+00
    outer loop
      vertex 1.418698e+02 2.784135e+01 0.000000e+00
      vertex 1.410402e+02 2.801574e+01 3.000000e+00
      vertex 1.418698e+02 2.784135e+01 3.000000e+00
    endloop
  endfacet
  facet normal 2.121004e-01 9.772479e-01 0.000000e+00
    outer loop
      vertex 1.410402e+02 2.801574e+01 0.000000e+00
      vertex 1.402106e+02 2.819580e+01 0.000000e+00
      vertex 1.402106e+02 2.819580e+01 3.000000e+00
    endloop
  endfacet
  facet normal 2.121004e-01 9.772479e-01 -0.000000e+00
    outer loop
      vertex 1.410402e+02 2.801574e+01 0.000000e+00
      vertex 1.402106e+02 2.819580e+01 3.000000e+00
      vertex 1.410402e+02 2.801574e+01 3.000000e+00
    endloop
  endfacet
  facet normal 2.184241e-01 9.758539e-01 0.000000e+00
    outer loop
      vertex 1.402106e+02 2.819580e+01 0.000000e+00
      vertex 1.393809e+02 2.838150e+01 0.000000e+00
      vertex 1.393809e+02 2.838150e+01 3.000000e+00
    endloop
  endfacet
  facet normal 2.184241e-01 9.758539e-01 -0.000000e+00
    outer loop
      vertex 1.402106e+02 2.819580e+01 0.000000e+00
      vertex 1.393809e+02 2.838150e+01 3.000000e+00
      vertex 1.402106e+02 2.819580e+01 3.000000e+00
    endloop
  endfacet
  facet normal 2.246687e-01 9.744352e-01 0.000000e+00
    outer loop
      vertex 1.393809e+02 2.838150e+01 0.000000e+00
      vertex 1.385513e+02 2.857279e+01 0.000000e+00
      vertex 1.385513e+02 2.857279e+01 3.000000e+00
    endloop
  endfacet
  facet normal 2.246687e-01 9.744352e-01 -0.000000e+00
    outer loop
      vertex 1.393809e+02 2.838150e+01 0.000000e+00
      vertex 1.385513e+02 2.857279e+01 3.000000e+00
      vertex 1.393809e+02 2.838150e+01 3.000000e+00
    endloop
  endfacet
  facet normal 2.308329e-01 9.729934e-01 0.000000e+00
    outer loop
      vertex 1.385513e+02 2.857279e+01 0.000000e+00
      vertex 1.377216e+02 2.876962e+01 0.000000e+00
      vertex 1.377216e+02 2.876962e+01 3.000000e+00
    endloop
  endfacet
  facet normal 2.308329e-01 9.729934e-01 -0.000000e+00
    outer loop
      vertex 1.385513e+02 2.857279e+01 0.000000e+00
      vertex 1.377216e+02 2.876962e+01 3.000000e+00
      vertex 1.385513e+02 2.857279e+01 3.000000e+00
    endloop
  endfacet
  facet normal 2.369152e-01 9.715303e-01 0.000000e+00
    outer loop
      vertex 1.377216e+02 2.876962e+01 0.000000e+00
      vertex 1.368920e+02 2.897193e+01 0.000000e+00
      vertex 1.368920e+02 2.897193e+01 3.000000e+00
    endloop
  endfacet
  facet normal 2.369152e-01 9.715303e-01 -0.000000e+00
    outer loop
      vertex 1.377216e+02 2.876962e+01 0.000000e+00
      vertex 1.368920e+02 2.897193e+01 3.000000e+00
      vertex 1.377216e+02 2.876962e+01 3.000000e+00
    endloop
  endfacet
  facet normal 2.429143e-01 9.700478e-01 0.000000e+00
    outer loop
      vertex 1.368920e+02 2.897193e+01 0.000000e+00
      vertex 1.360623e+02 2.917969e+01 0.000000e+00
      vertex 1.360623e+02 2.917969e+01 3.000000e+00
    endloop
  endfacet
  facet normal 2.429143e-01 9.700478e-01 -0.000000e+00
    outer loop
      vertex 1.368920e+02 2.897193e+01 0.000000e+00
      vertex 1.360623e+02 2.917969e+01 3.000000e+00
      vertex 1.368920e+02 2.897193e+01 3.000000e+00
    endloop
  endfacet
  facet normal 2.488289e-01 9.685475e-01 0.000000e+00
    outer loop
      vertex 1.360623e+02 2.917969e+01 0.000000e+00
      vertex 1.352327e+02 2.939283e+01 0.000000e+00
      vertex 1.352327e+02 2.939283e+01 3.000000e+00
    endloop
  endfacet
  facet normal 2.488289e-01 9.685475e-01 -0.000000e+00
    outer loop
      vertex 1.360623e+02 2.917969e+01 0.000000e+00
      vertex 1.352327e+02 2.939283e+01 3.000000e+00
      vertex 1.360623e+02 2.917969e+01 3.000000e+00
    endloop
  endfacet
  facet normal 2.546579e-01 9.670312e-01 0.000000e+00
    outer loop
      vertex 1.352327e+02 2.939283e+01 0.000000e+00
      vertex 1.344030e+02 2.961131e+01 0.000000e+00
      vertex 1.344030e+02 2.961131e+01 3.000000e+00
    endloop
  endfacet
  facet normal 2.546579e-01 9.670312e-01 -0.000000e+00
    outer loop
      vertex 1.352327e+02 2.939283e+01 0.000000e+00
      vertex 1.344030e+02 2.961131e+01 3.000000e+00
      vertex 1.352327e+02 2.939283e+01 3.000000e+00
    endloop
  endfacet
  facet normal 2.604002e-01 9.655008e-01 0.000000e+00
    outer loop
      vertex 1.344030e+02 2.961131e+01 0.000000e+00
      vertex 1.335734e+02 2.983507e+01 0.000000e+00
      vertex 1.335734e+02 2.983507e+01 3.000000e+00
    endloop
  endfacet
  facet normal 2.604002e-01 9.655008e-01 -0.000000e+00
    outer loop
      vertex 1.344030e+02 2.961131e+01 0.000000e+00
      vertex 1.335734e+02 2.983507e+01 3.000000e+00
      vertex 1.344030e+02 2.961131e+01 3.000000e+00
    endloop
  endfacet
  facet normal 2.660549e-01 9.639579e-01 0.000000e+00
    outer loop
      vertex 1.335734e+02 2.983507e+01 0.000000e+00
      vertex 1.327437e+02 3.006406e+01 0.000000e+00
      vertex 1.327437e+02 3.006406e+01 3.000000e+00
    endloop
  endfacet
  facet normal 2.660549e-01 9.639579e-01 -0.000000e+00
    outer loop
      vertex 1.335734e+02 2.983507e+01 0.000000e+00
      vertex 1.327437e+02 3.006406e+01 3.000000e+00
      vertex 1.335734e+02 2.983507e+01 3.000000e+00
    endloop
  endfacet
  facet normal 2.716208e-01 9.624043e-01 0.000000e+00
    outer loop
      vertex 1.327437e+02 3.006406e+01 0.000000e+00
      vertex 1.319141e+02 3.029821e+01 0.000000e+00
      vertex 1.319141e+02 3.029821e+01 3.000000e+00
    endloop
  endfacet
  facet normal 2.716208e-01 9.624043e-01 -0.000000e+00
    outer loop
      vertex 1.327437e+02 3.006406e+01 0.000000e+00
      vertex 1.319141e+02 3.029821e+01 3.000000e+00
      vertex 1.327437e+02 3.006406e+01 3.000000e+00
    endloop
  endfacet
  facet normal 2.770973e-01 9.608419e-01 0.000000e+00
    outer loop
      vertex 1.319141e+02 3.029821e+01 0.000000e+00
      vertex 1.310844e+02 3.053747e+01 0.000000e+00
      vertex 1.310844e+02 3.053747e+01 3.000000e+00
    endloop
  endfacet
  facet normal 2.770973e-01 9.608419e-01 -0.000000e+00
    outer loop
      vertex 1.319141e+02 3.029821e+01 0.000000e+00
      vertex 1.310844e+02 3.053747e+01 3.000000e+00
      vertex 1.319141e+02 3.029821e+01 3.000000e+00
    endloop
  endfacet
  facet normal 2.824835e-01 9.592722e-01 0.000000e+00
    outer loop
      vertex 1.310844e+02 3.053747e+01 0.000000e+00
      vertex 1.302548e+02 3.078178e+01 0.000000e+00
      vertex 1.302548e+02 3.078178e+01 3.000000e+00
    endloop
  endfacet
  facet normal 2.824835e-01 9.592722e-01 -0.000000e+00
    outer loop
      vertex 1.310844e+02 3.053747e+01 0.000000e+00
      vertex 1.302548e+02 3.078178e+01 3.000000e+00
      vertex 1.310844e+02 3.053747e+01 3.000000e+00
    endloop
  endfacet
  facet normal 2.877786e-01 9.576970e-01 0.000000e+00
    outer loop
      vertex 1.302548e+02 3.078178e+01 0.000000e+00
      vertex 1.294251e+02 3.103109e+01 0.000000e+00
      vertex 1.294251e+02 3.103109e+01 3.000000e+00
    endloop
  endfacet
  facet normal 2.877786e-01 9.576970e-01 -0.000000e+00
    outer loop
      vertex 1.302548e+02 3.078178e+01 0.000000e+00
      vertex 1.294251e+02 3.103109e+01 3.000000e+00
      vertex 1.302548e+02 3.078178e+01 3.000000e+00
    endloop
  endfacet
  facet normal 2.929819e-01 9.561180e-01 0.000000e+00
    outer loop
      vertex 1.294251e+02 3.103109e+01 0.000000e+00
      vertex 1.285955e+02 3.128531e+01 0.000000e+00
      vertex 1.285955e+02 3.128531e+01 3.000000e+00
    endloop
  endfacet
  facet normal 2.929819e-01 9.561180e-01 -0.000000e+00
    outer loop
      vertex 1.294251e+02 3.103109e+01 0.000000e+00
      vertex 1.285955e+02 3.128531e+01 3.000000e+00
      vertex 1.294251e+02 3.103109e+01 3.000000e+00
    endloop
  endfacet
  facet normal 2.980930e-01 9.545368e-01 0.000000e+00
    outer loop
      vertex 1.285955e+02 3.128531e+01 0.000000e+00
      vertex 1.277658e+02 3.154440e+01 0.000000e+00
      vertex 1.277658e+02 3.154440e+01 3.000000e+00
    endloop
  endfacet
  facet normal 2.980930e-01 9.545368e-01 -0.000000e+00
    outer loop
      vertex 1.285955e+02 3.128531e+01 0.000000e+00
      vertex 1.277658e+02 3.154440e+01 3.000000e+00
      vertex 1.285955e+02 3.128531e+01 3.000000e+00
    endloop
  endfacet
  facet normal 3.031112e-01 9.529552e-01 0.000000e+00
    outer loop
      vertex 1.277658e+02 3.154440e+01 0.000000e+00
      vertex 1.269362e+02 3.180830e+01 0.000000e+00
      vertex 1.269362e+02 3.180830e+01 3.000000e+00
    endloop
  endfacet
  facet normal 3.031112e-01 9.529552e-01 -0.000000e+00
    outer loop
      vertex 1.277658e+02 3.154440e+01 0.000000e+00
      vertex 1.269362e+02 3.180830e+01 3.000000e+00
      vertex 1.277658e+02 3.154440e+01 3.000000e+00
    endloop
  endfacet
  facet normal 3.080361e-01 9.513747e-01 0.000000e+00
    outer loop
      vertex 1.269362e+02 3.180830e+01 0.000000e+00
      vertex 1.261065e+02 3.207692e+01 0.000000e+00
      vertex 1.261065e+02 3.207692e+01 3.000000e+00
    endloop
  endfacet
  facet normal 3.080361e-01 9.513747e-01 -0.000000e+00
    outer loop
      vertex 1.269362e+02 3.180830e+01 0.000000e+00
      vertex 1.261065e+02 3.207692e+01 3.000000e+00
      vertex 1.269362e+02 3.180830e+01 3.000000e+00
    endloop
  endfacet
  facet normal 3.128672e-01 9.497969e-01 0.000000e+00
    outer loop
      vertex 1.261065e+02 3.207692e+01 0.000000e+00
      vertex 1.252769e+02 3.235021e+01 0.000000e+00
      vertex 1.252769e+02 3.235021e+01 3.000000e+00
    endloop
  endfacet
  facet normal 3.128672e-01 9.497969e-01 -0.000000e+00
    outer loop
      vertex 1.261065e+02 3.207692e+01 0.000000e+00
      vertex 1.252769e+02 3.235021e+01 3.000000e+00
      vertex 1.261065e+02 3.207692e+01 3.000000e+00
    endloop
  endfacet
  facet normal 3.176041e-01 9.482234e-01 0.000000e+00
    outer loop
      vertex 1.252769e+02 3.235021e+01 0.000000e+00
      vertex 1.244472e+02 3.262810e+01 0.000000e+00
      vertex 1.244472e+02 3.262810e+01 3.000000e+00
    endloop
  endfacet
  facet normal 3.176041e-01 9.482234e-01 -0.000000e+00
    outer loop
      vertex 1.252769e+02 3.235021e+01 0.000000e+00
      vertex 1.244472e+02 3.262810e+01 3.000000e+00
      vertex 1.252769e+02 3.235021e+01 3.000000e+00
    endloop
  endfacet
  facet normal 3.222465e-01 9.466558e-01 0.000000e+00
    outer loop
      vertex 1.244472e+02 3.262810e+01 0.000000e+00
      vertex 1.236176e+02 3.291051e+01 0.000000e+00
      vertex 1.236176e+02 3.291051e+01 3.000000e+00
    endloop
  endfacet
  facet normal 3.222465e-01 9.466558e-01 -0.000000e+00
    outer loop
      vertex 1.244472e+02 3.262810e+01 0.000000e+00
      vertex 1.236176e+02 3.291051e+01 3.000000e+00
      vertex 1.244472e+02 3.262810e+01 3.000000e+00
    endloop
  endfacet
  facet normal 3.267943e-01 9.450955e-01 0.000000e+00
    outer loop
      vertex 1.236176e+02 3.291051e+01 0.000000e+00
      vertex 1.227879e+02 3.319739e+01 0.000000e+00
      vertex 1.227879e+02 3.319739e+01 3.000000e+00
    endloop
  endfacet
  facet normal 3.267943e-01 9.450955e-01 -0.000000e+00
    outer loop
      vertex 1.236176e+02 3.291051e+01 0.000000e+00
      vertex 1.227879e+02 3.319739e+01 3.000000e+00
      vertex 1.236176e+02 3.291051e+01 3.000000e+00
    endloop
  endfacet
  facet normal 3.312470e-01 9.435441e-01 0.000000e+00
    outer loop
      vertex 1.227879e+02 3.319739e+01 0.000000e+00
      vertex 1.219583e+02 3.348865e+01 0.000000e+00
      vertex 1.219583e+02 3.348865e+01 3.000000e+00
    endloop
  endfacet
  facet normal 3.312470e-01 9.435441e-01 -0.000000e+00
    outer loop
      vertex 1.227879e+02 3.319739e+01 0.000000e+00
      vertex 1.219583e+02 3.348865e+01 3.000000e+00
      vertex 1.227879e+02 3.319739e+01 3.000000e+00
    endloop
  endfacet
  facet normal 3.356046e-01 9.420030e-01 0.000000e+00
    outer loop
      vertex 1.219583e+02 3.348865e+01 0.000000e+00
      vertex 1.211286e+02 3.378423e+01 0.000000e+00
      vertex 1.211286e+02 3.378423e+01 3.000000e+00
    endloop
  endfacet
  facet normal 3.356046e-01 9.420030e-01 -0.000000e+00
    outer loop
      vertex 1.219583e+02 3.348865e+01 0.000000e+00
      vertex 1.211286e+02 3.378423e+01 3.000000e+00
      vertex 1.219583e+02 3.348865e+01 3.000000e+00
    endloop
  endfacet
  facet normal 3.398669e-01 9.404736e-01 0.000000e+00
    outer loop
      vertex 1.211286e+02 3.378423e+01 0.000000e+00
      vertex 1.202990e+02 3.408404e+01 0.000000e+00
      vertex 1.202990e+02 3.408404e+01 3.000000e+00
    endloop
  endfacet
  facet normal 3.398669e-01 9.404736e-01 -0.000000e+00
    outer loop
      vertex 1.211286e+02 3.378423e+01 0.000000e+00
      vertex 1.202990e+02 3.408404e+01 3.000000e+00
      vertex 1.211286e+02 3.378423e+01 3.000000e+00
    endloop
  endfacet
  facet normal 3.440338e-01 9.389573e-01 0.000000e+00
    outer loop
      vertex 1.202990e+02 3.408404e+01 0.000000e+00
      vertex 1.194693e+02 3.438803e+01 0.000000e+00
      vertex 1.194693e+02 3.438803e+01 3.000000e+00
    endloop
  endfacet
  facet normal 3.440338e-01 9.389573e-01 -0.000000e+00
    outer loop
      vertex 1.202990e+02 3.408404e+01 0.000000e+00
      vertex 1.194693e+02 3.438803e+01 3.000000e+00
      vertex 1.202990e+02 3.408404e+01 3.000000e+00
    endloop
  endfacet
  facet normal 3.481052e-01 9.374555e-01 0.000000e+00
    outer loop
      vertex 1.194693e+02 3.438803e+01 0.000000e+00
      vertex 1.186397e+02 3.469610e+01 0.000000e+00
      vertex 1.186397e+02 3.469610e+01 3.000000e+00
    endloop
  endfacet
  facet normal 3.481052e-01 9.374555e-01 -0.000000e+00
    outer loop
      vertex 1.194693e+02 3.438803e+01 0.000000e+00
      vertex 1.186397e+02 3.469610e+01 3.000000e+00
      vertex 1.194693e+02 3.438803e+01 3.000000e+00
    endloop
  endfacet
  facet normal 3.520812e-01 9.359695e-01 0.000000e+00
    outer loop
      vertex 1.186397e+02 3.469610e+01 0.000000e+00
      vertex 1.178101e+02 3.500819e+01 0.000000e+00
      vertex 1.178101e+02 3.500819e+01 3.000000e+00
    endloop
  endfacet
  facet normal 3.520812e-01 9.359695e-01 -0.000000e+00
    outer loop
      vertex 1.186397e+02 3.469610e+01 0.000000e+00
      vertex 1.178101e+02 3.500819e+01 3.000000e+00
      vertex 1.186397e+02 3.469610e+01 3.000000e+00
    endloop
  endfacet
  facet normal 3.559617e-01 9.345006e-01 0.000000e+00
    outer loop
      vertex 1.178101e+02 3.500819e+01 0.000000e+00
      vertex 1.169804e+02 3.532421e+01 0.000000e+00
      vertex 1.169804e+02 3.532421e+01 3.000000e+00
    endloop
  endfacet
  facet normal 3.559617e-01 9.345006e-01 -0.000000e+00
    outer loop
      vertex 1.178101e+02 3.500819e+01 0.000000e+00
      vertex 1.169804e+02 3.532421e+01 3.000000e+00
      vertex 1.178101e+02 3.500819e+01 3.000000e+00
    endloop
  endfacet
  facet normal 3.597467e-01 9.330500e-01 0.000000e+00
    outer loop
      vertex 1.169804e+02 3.532421e+01 0.000000e+00
      vertex 1.161508e+02 3.564409e+01 0.000000e+00
      vertex 1.161508e+02 3.564409e+01 3.000000e+00
    endloop
  endfacet
  facet normal 3.597467e-01 9.330500e-01 -0.000000e+00
    outer loop
      vertex 1.169804e+02 3.532421e+01 0.000000e+00
      vertex 1.161508e+02 3.564409e+01 3.000000e+00
      vertex 1.169804e+02 3.532421e+01 3.000000e+00
    endloop
  endfacet
  facet normal 3.634364e-01 9.316190e-01 0.000000e+00
    outer loop
      vertex 1.161508e+02 3.564409e+01 0.000000e+00
      vertex 1.153211e+02 3.596774e+01 0.000000e+00
      vertex 1.153211e+02 3.596774e+01 3.000000e+00
    endloop
  endfacet
  facet normal 3.634364e-01 9.316190e-01 -0.000000e+00
    outer loop
      vertex 1.161508e+02 3.564409e+01 0.000000e+00
      vertex 1.153211e+02 3.596774e+01 3.000000e+00
      vertex 1.161508e+02 3.564409e+01 3.000000e+00
    endloop
  endfacet
  facet normal 3.670308e-01 9.302088e-01 0.000000e+00
    outer loop
      vertex 1.153211e+02 3.596774e+01 0.000000e+00
      vertex 1.144915e+02 3.629510e+01 0.000000e+00
      vertex 1.144915e+02 3.629510e+01 3.000000e+00
    endloop
  endfacet
  facet normal 3.670308e-01 9.302088e-01 -0.000000e+00
    outer loop
      vertex 1.153211e+02 3.596774e+01 0.000000e+00
      vertex 1.144915e+02 3.629510e+01 3.000000e+00
      vertex 1.153211e+02 3.596774e+01 3.000000e+00
    endloop
  endfacet
  facet normal 3.705301e-01 9.288205e-01 0.000000e+00
    outer loop
      vertex 1.144915e+02 3.629510e+01 0.000000e+00
      vertex 1.136618e+02 3.662606e+01 0.000000e+00
      vertex 1.136618e+02 3.662606e+01 3.000000e+00
    endloop
  endfacet
  facet normal 3.705301e-01 9.288205e-01 -0.000000e+00
    outer loop
      vertex 1.144915e+02 3.629510e+01 0.000000e+00
      vertex 1.136618e+02 3.662606e+01 3.000000e+00
      vertex 1.144915e+02 3.629510e+01 3.000000e+00
    endloop
  endfacet
  facet normal 3.739343e-01 9.274552e-01 0.000000e+00
    outer loop
      vertex 1.136618e+02 3.662606e+01 0.000000e+00
      vertex 1.128322e+02 3.696056e+01 0.000000e+00
      vertex 1.128322e+02 3.696056e+01 3.000000e+00
    endloop
  endfacet
  facet normal 3.739343e-01 9.274552e-01 -0.000000e+00
    outer loop
      vertex 1.136618e+02 3.662606e+01 0.000000e+00
      vertex 1.128322e+02 3.696056e+01 3.000000e+00
      vertex 1.136618e+02 3.662606e+01 3.000000e+00
    endloop
  endfacet
  facet normal 3.772437e-01 9.261140e-01 0.000000e+00
    outer loop
      vertex 1.128322e+02 3.696056e+01 0.000000e+00
      vertex 1.120025e+02 3.729851e+01 0.000000e+00
      vertex 1.120025e+02 3.729851e+01 3.000000e+00
    endloop
  endfacet
  facet normal 3.772437e-01 9.261140e-01 -0.000000e+00
    outer loop
      vertex 1.128322e+02 3.696056e+01 0.000000e+00
      vertex 1.120025e+02 3.729851e+01 3.000000e+00
      vertex 1.128322e+02 3.696056e+01 3.000000e+00
    endloop
  endfacet
  facet normal 3.804584e-01 9.247980e-01 0.000000e+00
    outer loop
      vertex 1.120025e+02 3.729851e+01 0.000000e+00
      vertex 1.111729e+02 3.763983e+01 0.000000e+00
      vertex 1.111729e+02 3.763983e+01 3.000000e+00
    endloop
  endfacet
  facet normal 3.804584e-01 9.247980e-01 -0.000000e+00
    outer loop
      vertex 1.120025e+02 3.729851e+01 0.000000e+00
      vertex 1.111729e+02 3.763983e+01 3.000000e+00
      vertex 1.120025e+02 3.729851e+01 3.000000e+00
    endloop
  endfacet
  facet normal 3.835786e-01 9.235082e-01 0.000000e+00
    outer loop
      vertex 1.111729e+02 3.763983e+01 0.000000e+00
      vertex 1.103432e+02 3.798442e+01 0.000000e+00
      vertex 1.103432e+02 3.798442e+01 3.000000e+00
    endloop
  endfacet
  facet normal 3.835786e-01 9.235082e-01 -0.000000e+00
    outer loop
      vertex 1.111729e+02 3.763983e+01 0.000000e+00
      vertex 1.103432e+02 3.798442e+01 3.000000e+00
      vertex 1.111729e+02 3.763983e+01 3.000000e+00
    endloop
  endfacet
  facet normal 3.866045e-01 9.222456e-01 0.000000e+00
    outer loop
      vertex 1.103432e+02 3.798442e+01 0.000000e+00
      vertex 1.095136e+02 3.833221e+01 0.000000e+00
      vertex 1.095136e+02 3.833221e+01 3.000000e+00
    endloop
  endfacet
  facet normal 3.866045e-01 9.222456e-01 -0.000000e+00
    outer loop
      vertex 1.103432e+02 3.798442e+01 0.000000e+00
      vertex 1.095136e+02 3.833221e+01 3.000000e+00
      vertex 1.103432e+02 3.798442e+01 3.000000e+00
    endloop
  endfacet
  facet normal 3.895364e-01 9.210111e-01 0.000000e+00
    outer loop
      vertex 1.095136e+02 3.833221e+01 0.000000e+00
      vertex 1.086839e+02 3.868310e+01 0.000000e+00
      vertex 1.086839e+02 3.868310e+01 3.000000e+00
    endloop
  endfacet
  facet normal 3.895364e-01 9.210111e-01 -0.000000e+00
    outer loop
      vertex 1.095136e+02 3.833221e+01 0.000000e+00
      vertex 1.086839e+02 3.868310e+01 3.000000e+00
      vertex 1.095136e+02 3.833221e+01 3.000000e+00
    endloop
  endfacet
  facet normal 3.923745e-01 9.198055e-01 0.000000e+00
    outer loop
      vertex 1.086839e+02 3.868310e+01 0.000000e+00
      vertex 1.078543e+02 3.903702e+01 0.000000e+00
      vertex 1.078543e+02 3.903702e+01 3.000000e+00
    endloop
  endfacet
  facet normal 3.923745e-01 9.198055e-01 -0.000000e+00
    outer loop
      vertex 1.086839e+02 3.868310e+01 0.000000e+00
      vertex 1.078543e+02 3.903702e+01 3.000000e+00
      vertex 1.086839e+02 3.868310e+01 3.000000e+00
    endloop
  endfacet
  facet normal 3.951190e-01 9.186299e-01 0.000000e+00
    outer loop
      vertex 1.078543e+02 3.903702e+01 0.000000e+00
      vertex 1.070246e+02 3.939387e+01 0.000000e+00
      vertex 1.070246e+02 3.939387e+01 3.000000e+00
    endloop
  endfacet
  facet normal 3.951190e-01 9.186299e-01 -0.000000e+00
    outer loop
      vertex 1.078543e+02 3.903702e+01 0.000000e+00
      vertex 1.070246e+02 3.939387e+01 3.000000e+00
      vertex 1.078543e+02 3.903702e+01 3.000000e+00
    endloop
  endfacet
  facet normal 3.977702e-01 9.174851e-01 0.000000e+00
    outer loop
      vertex 1.070246e+02 3.939387e+01 0.000000e+00
      vertex 1.061950e+02 3.975355e+01 0.000000e+00
      vertex 1.061950e+02 3.975355e+01 3.000000e+00
    endloop
  endfacet
  facet normal 3.977702e-01 9.174851e-01 -0.000000e+00
    outer loop
      vertex 1.070246e+02 3.939387e+01 0.000000e+00
      vertex 1.061950e+02 3.975355e+01 3.000000e+00
      vertex 1.070246e+02 3.939387e+01 3.000000e+00
    endloop
  endfacet
  facet normal 4.003283e-01 9.163718e-01 0.000000e+00
    outer loop
      vertex 1.061950e+02 3.975355e+01 0.000000e+00
      vertex 1.053653e+02 4.011600e+01 0.000000e+00
      vertex 1.053653e+02 4.011600e+01 3.000000e+00
    endloop
  endfacet
  facet normal 4.003283e-01 9.163718e-01 -0.000000e+00
    outer loop
      vertex 1.061950e+02 3.975355e+01 0.000000e+00
      vertex 1.053653e+02 4.011600e+01 3.000000e+00
      vertex 1.061950e+02 3.975355e+01 3.000000e+00
    endloop
  endfacet
  facet normal 4.027936e-01 9.152908e-01 0.000000e+00
    outer loop
      vertex 1.053653e+02 4.011600e+01 0.000000e+00
      vertex 1.045357e+02 4.048110e+01 0.000000e+00
      vertex 1.045357e+02 4.048110e+01 3.000000e+00
    endloop
  endfacet
  facet normal 4.027936e-01 9.152908e-01 -0.000000e+00
    outer loop
      vertex 1.053653e+02 4.011600e+01 0.000000e+00
      vertex 1.045357e+02 4.048110e+01 3.000000e+00
      vertex 1.053653e+02 4.011600e+01 3.000000e+00
    endloop
  endfacet
  facet normal 4.051664e-01 9.142430e-01 0.000000e+00
    outer loop
      vertex 1.045357e+02 4.048110e+01 0.000000e+00
      vertex 1.037060e+02 4.084878e+01 0.000000e+00
      vertex 1.037060e+02 4.084878e+01 3.000000e+00
    endloop
  endfacet
  facet normal 4.051664e-01 9.142430e-01 -0.000000e+00
    outer loop
      vertex 1.045357e+02 4.048110e+01 0.000000e+00
      vertex 1.037060e+02 4.084878e+01 3.000000e+00
      vertex 1.045357e+02 4.048110e+01 3.000000e+00
    endloop
  endfacet
  facet normal 4.074469e-01 9.132289e-01 0.000000e+00
    outer loop
      vertex 1.037060e+02 4.084878e+01 0.000000e+00
      vertex 1.028764e+02 4.121893e+01 0.000000e+00
      vertex 1.028764e+02 4.121893e+01 3.000000e+00
    endloop
  endfacet
  facet normal 4.074469e-01 9.132289e-01 -0.000000e+00
    outer loop
      vertex 1.037060e+02 4.084878e+01 0.000000e+00
      vertex 1.028764e+02 4.121893e+01 3.000000e+00
      vertex 1.037060e+02 4.084878e+01 3.000000e+00
    endloop
  endfacet
  facet normal 4.096354e-01 9.122493e-01 0.000000e+00
    outer loop
      vertex 1.028764e+02 4.121893e+01 0.000000e+00
      vertex 1.020467e+02 4.159148e+01 0.000000e+00
      vertex 1.020467e+02 4.159148e+01 3.000000e+00
    endloop
  endfacet
  facet normal 4.096354e-01 9.122493e-01 -0.000000e+00
    outer loop
      vertex 1.028764e+02 4.121893e+01 0.000000e+00
      vertex 1.020467e+02 4.159148e+01 3.000000e+00
      vertex 1.028764e+02 4.121893e+01 3.000000e+00
    endloop
  endfacet
  facet normal 4.117321e-01 9.113049e-01 0.000000e+00
    outer loop
      vertex 1.020467e+02 4.159148e+01 0.000000e+00
      vertex 1.012171e+02 4.196632e+01 0.000000e+00
      vertex 1.012171e+02 4.196632e+01 3.000000e+00
    endloop
  endfacet
  facet normal 4.117321e-01 9.113049e-01 -0.000000e+00
    outer loop
      vertex 1.020467e+02 4.159148e+01 0.000000e+00
      vertex 1.012171e+02 4.196632e+01 3.000000e+00
      vertex 1.020467e+02 4.159148e+01 3.000000e+00
    endloop
  endfacet
  facet normal 4.137374e-01 9.103963e-01 0.000000e+00
    outer loop
      vertex 1.012171e+02 4.196632e+01 0.000000e+00
      vertex 1.003874e+02 4.234336e+01 0.000000e+00
      vertex 1.003874e+02 4.234336e+01 3.000000e+00
    endloop
  endfacet
  facet normal 4.137374e-01 9.103963e-01 -0.000000e+00
    outer loop
      vertex 1.012171e+02 4.196632e+01 0.000000e+00
      vertex 1.003874e+02 4.234336e+01 3.000000e+00
      vertex 1.012171e+02 4.196632e+01 3.000000e+00
    endloop
  endfacet
  facet normal 4.156515e-01 9.095240e-01 0.000000e+00
    outer loop
      vertex 1.003874e+02 4.234336e+01 0.000000e+00
      vertex 9.955779e+01 4.272251e+01 0.000000e+00
      vertex 9.955779e+01 4.272251e+01 3.000000e+00
    endloop
  endfacet
  facet normal 4.156515e-01 9.095240e-01 -0.000000e+00
    outer loop
      vertex 1.003874e+02 4.234336e+01 0.000000e+00
      vertex 9.955779e+01 4.272251e+01 3.000000e+00
      vertex 1.003874e+02 4.234336e+01 3.000000e+00
    endloop
  endfacet
  facet normal 4.174746e-01 9.086886e-01 0.000000e+00
    outer loop
      vertex 9.955779e+01 4.272251e+01 0.000000e+00
      vertex 9.872814e+01 4.310367e+01 0.000000e+00
      vertex 9.872814e+01 4.310367e+01 3.000000e+00
    endloop
  endfacet
  facet normal 4.174746e-01 9.086886e-01 -0.000000e+00
    outer loop
      vertex 9.955779e+01 4.272251e+01 0.000000e+00
      vertex 9.872814e+01 4.310367e+01 3.000000e+00
      vertex 9.955779e+01 4.272251e+01 3.000000e+00
    endloop
  endfacet
  facet normal 4.192070e-01 9.078907e-01 0.000000e+00
    outer loop
      vertex 9.872814e+01 4.310367e+01 0.000000e+00
      vertex 9.789849e+01 4.348675e+01 0.000000e+00
      vertex 9.789849e+01 4.348675e+01 3.000000e+00
    endloop
  endfacet
  facet normal 4.192070e-01 9.078907e-01 -0.000000e+00
    outer loop
      vertex 9.872814e+01 4.310367e+01 0.000000e+00
      vertex 9.789849e+01 4.348675e+01 3.000000e+00
      vertex 9.872814e+01 4.310367e+01 3.000000e+00
    endloop
  endfacet
  facet normal 4.208489e-01 9.071307e-01 0.000000e+00
    outer loop
      vertex 9.789849e+01 4.348675e+01 0.000000e+00
      vertex 9.706884e+01 4.387165e+01 0.000000e+00
      vertex 9.706884e+01 4.387165e+01 3.000000e+00
    endloop
  endfacet
  facet normal 4.208489e-01 9.071307e-01 -0.000000e+00
    outer loop
      vertex 9.789849e+01 4.348675e+01 0.000000e+00
      vertex 9.706884e+01 4.387165e+01 3.000000e+00
      vertex 9.789849e+01 4.348675e+01 3.000000e+00
    endloop
  endfacet
  facet normal 4.224006e-01 9.064092e-01 0.000000e+00
    outer loop
      vertex 9.706884e+01 4.387165e+01 0.000000e+00
      vertex 9.623920e+01 4.425828e+01 0.000000e+00
      vertex 9.623920e+01 4.425828e+01 3.000000e+00
    endloop
  endfacet
  facet normal 4.224006e-01 9.064092e-01 -0.000000e+00
    outer loop
      vertex 9.706884e+01 4.387165e+01 0.000000e+00
      vertex 9.623920e+01 4.425828e+01 3.000000e+00
      vertex 9.706884e+01 4.387165e+01 3.000000e+00
    endloop
  endfacet
  facet normal 4.238624e-01 9.057266e-01 0.000000e+00
    outer loop
      vertex 9.623920e+01 4.425828e+01 0.000000e+00
      vertex 9.540955e+01 4.464654e+01 0.000000e+00
      vertex 9.540955e+01 4.464654e+01 3.000000e+00
    endloop
  endfacet
  facet normal 4.238624e-01 9.057266e-01 -0.000000e+00
    outer loop
      vertex 9.623920e+01 4.425828e+01 0.000000e+00
      vertex 9.540955e+01 4.464654e+01 3.000000e+00
      vertex 9.623920e+01 4.425828e+01 3.000000e+00
    endloop
  endfacet
  facet normal 4.252343e-01 9.050833e-01 0.000000e+00
    outer loop
      vertex 9.540955e+01 4.464654e+01 0.000000e+00
      vertex 9.457990e+01 4.503633e+01 0.000000e+00
      vertex 9.457990e+01 4.503633e+01 3.000000e+00
    endloop
  endfacet
  facet normal 4.252343e-01 9.050833e-01 -0.000000e+00
    outer loop
      vertex 9.540955e+01 4.464654e+01 0.000000e+00
      vertex 9.457990e+01 4.503633e+01 3.000000e+00
      vertex 9.540955e+01 4.464654e+01 3.000000e+00
    endloop
  endfacet
  facet normal 4.265167e-01 9.044797e-01 0.000000e+00
    outer loop
      vertex 9.457990e+01 4.503633e+01 0.000000e+00
      vertex 9.375025e+01 4.542756e+01 0.000000e+00
      vertex 9.375025e+01 4.542756e+01 3.000000e+00
    endloop
  endfacet
  facet normal 4.265167e-01 9.044797e-01 -0.000000e+00
    outer loop
      vertex 9.457990e+01 4.503633e+01 0.000000e+00
      vertex 9.375025e+01 4.542756e+01 3.000000e+00
      vertex 9.457990e+01 4.503633e+01 3.000000e+00
    endloop
  endfacet
  facet normal 4.277097e-01 9.039161e-01 0.000000e+00
    outer loop
      vertex 9.375025e+01 4.542756e+01 0.000000e+00
      vertex 9.292060e+01 4.582013e+01 0.000000e+00
      vertex 9.292060e+01 4.582013e+01 3.000000e+00
    endloop
  endfacet
  facet normal 4.277097e-01 9.039161e-01 -0.000000e+00
    outer loop
      vertex 9.375025e+01 4.542756e+01 0.000000e+00
      vertex 9.292060e+01 4.582013e+01 3.000000e+00
      vertex 9.375025e+01 4.542756e+01 3.000000e+00
    endloop
  endfacet
  facet normal 4.288136e-01 9.033930e-01 0.000000e+00
    outer loop
      vertex 9.292060e+01 4.582013e+01 0.000000e+00
      vertex 9.209095e+01 4.621394e+01 0.000000e+00
      vertex 9.209095e+01 4.621394e+01 3.000000e+00
    endloop
  endfacet
  facet normal 4.288136e-01 9.033930e-01 -0.000000e+00
    outer loop
      vertex 9.292060e+01 4.582013e+01 0.000000e+00
      vertex 9.209095e+01 4.621394e+01 3.000000e+00
      vertex 9.292060e+01 4.582013e+01 3.000000e+00
    endloop
  endfacet
  facet normal 4.298285e-01 9.029106e-01 0.000000e+00
    outer loop
      vertex 9.209095e+01 4.621394e+01 0.000000e+00
      vertex 9.126131e+01 4.660889e+01 0.000000e+00
      vertex 9.126131e+01 4.660889e+01 3.000000e+00
    endloop
  endfacet
  facet normal 4.298285e-01 9.029106e-01 -0.000000e+00
    outer loop
      vertex 9.209095e+01 4.621394e+01 0.000000e+00
      vertex 9.126131e+01 4.660889e+01 3.000000e+00
      vertex 9.209095e+01 4.621394e+01 3.000000e+00
    endloop
  endfacet
  facet normal 4.307545e-01 9.024691e-01 0.000000e+00
    outer loop
      vertex 9.126131e+01 4.660889e+01 0.000000e+00
      vertex 9.043166e+01 4.700489e+01 0.000000e+00
      vertex 9.043166e+01 4.700489e+01 3.000000e+00
    endloop
  endfacet
  facet normal 4.307545e-01 9.024691e-01 -0.000000e+00
    outer loop
      vertex 9.126131e+01 4.660889e+01 0.000000e+00
      vertex 9.043166e+01 4.700489e+01 3.000000e+00
      vertex 9.126131e+01 4.660889e+01 3.000000e+00
    endloop
  endfacet
  facet normal 4.315919e-01 9.020690e-01 0.000000e+00
    outer loop
      vertex 9.043166e+01 4.700489e+01 0.000000e+00
      vertex 8.960201e+01 4.740183e+01 0.000000e+00
      vertex 8.960201e+01 4.740183e+01 3.000000e+00
    endloop
  endfacet
  facet normal 4.315919e-01 9.020690e-01 -0.000000e+00
    outer loop
      vertex 9.043166e+01 4.700489e+01 0.000000e+00
      vertex 8.960201e+01 4.740183e+01 3.000000e+00
      vertex 9.043166e+01 4.700489e+01 3.000000e+00
    endloop
  endfacet
  facet normal 4.323408e-01 9.017103e-01 0.000000e+00
    outer loop
      vertex 8.960201e+01 4.740183e+01 0.000000e+00
      vertex 8.877236e+01 4.779962e+01 0.000000e+00
      vertex 8.877236e+01 4.779962e+01 3.000000e+00
    endloop
  endfacet
  facet normal 4.323408e-01 9.017103e-01 -0.000000e+00
    outer loop
      vertex 8.960201e+01 4.740183e+01 0.000000e+00
      vertex 8.877236e+01 4.779962e+01 3.000000e+00
      vertex 8.960201e+01 4.740183e+01 3.000000e+00
    endloop
  endfacet
  facet normal 4.330012e-01 9.013933e-01 0.000000e+00
    outer loop
      vertex 8.877236e+01 4.779962e+01 0.000000e+00
      vertex 8.794271e+01 4.819815e+01 0.000000e+00
      vertex 8.794271e+01 4.819815e+01 3.000000e+00
    endloop
  endfacet
  facet normal 4.330012e-01 9.013933e-01 -0.000000e+00
    outer loop
      vertex 8.877236e+01 4.779962e+01 0.000000e+00
      vertex 8.794271e+01 4.819815e+01 3.000000e+00
      vertex 8.877236e+01 4.779962e+01 3.000000e+00
    endloop
  endfacet
  facet normal 4.335734e-01 9.011183e-01 0.000000e+00
    outer loop
      vertex 8.794271e+01 4.819815e+01 0.000000e+00
      vertex 8.711307e+01 4.859734e+01 0.000000e+00
      vertex 8.711307e+01 4.859734e+01 3.000000e+00
    endloop
  endfacet
  facet normal 4.335734e-01 9.011183e-01 -0.000000e+00
    outer loop
      vertex 8.794271e+01 4.819815e+01 0.000000e+00
      vertex 8.711307e+01 4.859734e+01 3.000000e+00
      vertex 8.794271e+01 4.819815e+01 3.000000e+00
    endloop
  endfacet
  facet normal 4.340573e-01 9.008852e-01 0.000000e+00
    outer loop
      vertex 8.711307e+01 4.859734e+01 0.000000e+00
      vertex 8.628342e+01 4.899707e+01 0.000000e+00
      vertex 8.628342e+01 4.899707e+01 3.000000e+00
    endloop
  endfacet
  facet normal 4.340573e-01 9.008852e-01 -0.000000e+00
    outer loop
      vertex 8.711307e+01 4.859734e+01 0.000000e+00
      vertex 8.628342e+01 4.899707e+01 3.000000e+00
      vertex 8.711307e+01 4.859734e+01 3.000000e+00
    endloop
  endfacet
  facet normal 4.344532e-01 9.006944e-01 0.000000e+00
    outer loop
      vertex 8.628342e+01 4.899707e+01 0.000000e+00
      vertex 8.545377e+01 4.939726e+01 0.000000e+00
      vertex 8.545377e+01 4.939726e+01 3.000000e+00
    endloop
  endfacet
  facet normal 4.344532e-01 9.006944e-01 -0.000000e+00
    outer loop
      vertex 8.628342e+01 4.899707e+01 0.000000e+00
      vertex 8.545377e+01 4.939726e+01 3.000000e+00
      vertex 8.628342e+01 4.899707e+01 3.000000e+00
    endloop
  endfacet
  facet normal 4.347610e-01 9.005459e-01 0.000000e+00
    outer loop
      vertex 8.545377e+01 4.939726e+01 0.000000e+00
      vertex 8.462412e+01 4.979779e+01 0.000000e+00
      vertex 8.462412e+01 4.979779e+01 3.000000e+00
    endloop
  endfacet
  facet normal 4.347610e-01 9.005459e-01 -0.000000e+00
    outer loop
      vertex 8.545377e+01 4.939726e+01 0.000000e+00
      vertex 8.462412e+01 4.979779e+01 3.000000e+00
      vertex 8.545377e+01 4.939726e+01 3.000000e+00
    endloop
  endfacet
  facet normal 4.349808e-01 9.004397e-01 0.000000e+00
    outer loop
      vertex 8.462412e+01 4.979779e+01 0.000000e+00
      vertex 8.379447e+01 5.019858e+01 0.000000e+00
      vertex 8.379447e+01 5.019858e+01 3.000000e+00
    endloop
  endfacet
  facet normal 4.349808e-01 9.004397e-01 -0.000000e+00
    outer loop
      vertex 8.462412e+01 4.979779e+01 0.000000e+00
      vertex 8.379447e+01 5.019858e+01 3.000000e+00
      vertex 8.462412e+01 4.979779e+01 3.000000e+00
    endloop
  endfacet
  facet normal 4.351127e-01 9.003760e-01 0.000000e+00
    outer loop
      vertex 8.379447e+01 5.019858e+01 0.000000e+00
      vertex 8.296482e+01 5.059951e+01 0.000000e+00
      vertex 8.296482e+01 5.059951e+01 3.000000e+00
    endloop
  endfacet
  facet normal 4.351127e-01 9.003760e-01 -0.000000e+00
    outer loop
      vertex 8.379447e+01 5.019858e+01 0.000000e+00
      vertex 8.296482e+01 5.059951e+01 3.000000e+00
      vertex 8.379447e+01 5.019858e+01 3.000000e+00
    endloop
  endfacet
  facet normal 4.351567e-01 9.003547e-01 0.000000e+00
    outer loop
      vertex 8.296482e+01 5.059951e+01 0.000000e+00
      vertex 8.213518e+01 5.100049e+01 0.000000e+00
      vertex 8.213518e+01 5.100049e+01 3.000000e+00
    endloop
  endfacet
  facet normal 4.351567e-01 9.003547e-01 -0.000000e+00
    outer loop
      vertex 8.296482e+01 5.059951e+01 0.000000e+00
      vertex 8.213518e+01 5.100049e+01 3.000000e+00
      vertex 8.296482e+01 5.059951e+01 3.000000e+00
    endloop
  endfacet
  facet normal 4.351127e-01 9.003760e-01 0.000000e+00
    outer loop
      vertex 8.213518e+01 5.100049e+01 0.000000e+00
      vertex 8.130553e+01 5.140142e+01 0.000000e+00
      vertex 8.130553e+01 5.140142e+01 3.000000e+00
    endloop
  endfacet
  facet normal 4.351127e-01 9.003760e-01 -0.000000e+00
    outer loop
      vertex 8.213518e+01 5.100049e+01 0.000000e+00
      vertex 8.130553e+01 5.140142e+01 3.000000e+00
      vertex 8.213518e+01 5.100049e+01 3.000000e+00
    endloop
  endfacet
  facet normal 4.349808e-01 9.004397e-01 0.000000e+00
    outer loop
      vertex 8.130553e+01 5.140142e+01 0.000000e+00
      vertex 8.047588e+01 5.180221e+01 0.000000e+00
      vertex 8.047588e+01 5.180221e+01 3.000000e+00
    endloop
  endfacet
  facet normal 4.349808e-01 9.004397e-01 -0.000000e+00
    outer loop
      vertex 8.130553e+01 5.140142e+01 0.000000e+00
      vertex 8.047588e+01 5.180221e+01 3.000000e+00
      vertex 8.130553e+01 5.140142e+01 3.000000e+00
    endloop
  endfacet
  facet normal 4.347610e-01 9.005459e-01 0.000000e+00
    outer loop
      vertex 8.047588e+01 5.180221e+01 0.000000e+00
      vertex 7.964623e+01 5.220274e+01 0.000000e+00
      vertex 7.964623e+01 5.220274e+01 3.000000e+00
    endloop
  endfacet
  facet normal 4.347610e-01 9.005459e-01 -0.000000e+00
    outer loop
      vertex 8.047588e+01 5.180221e+01 0.000000e+00
      vertex 7.964623e+01 5.220274e+01 3.000000e+00
      vertex 8.047588e+01 5.180221e+01 3.000000e+00
    endloop
  endfacet
  facet normal 4.344532e-01 9.006944e-01 0.000000e+00
    outer loop
      vertex 7.964623e+01 5.220274e+01 0.000000e+00
      vertex 7.881658e+01 5.260293e+01 0.000000e+00
      vertex 7.881658e+01 5.260293e+01 3.000000e+00
    endloop
  endfacet
  facet normal 4.344532e-01 9.006944e-01 -0.000000e+00
    outer loop
      vertex 7.964623e+01 5.220274e+01 0.000000e+00
      vertex 7.881658e+01 5.260293e+01 3.000000e+00
      vertex 7.964623e+01 5.220274e+01 3.000000e+00
    endloop
  endfacet
  facet normal 4.340573e-01 9.008852e-01 0.000000e+00
    outer loop
      vertex 7.881658e+01 5.260293e+01 0.000000e+00
      vertex 7.798693e+01 5.300266e+01 0.000000e+00
      vertex 7.798693e+01 5.300266e+01 3.000000e+00
    endloop
  endfacet
  facet normal 4.340573e-01 9.008852e-01 -0.000000e+00
    outer loop
      vertex 7.881658e+01 5.260293e+01 0.000000e+00
      vertex 7.798693e+01 5.300266e+01 3.000000e+00
      vertex 7.881658e+01 5.260293e+01 3.000000e+00
    endloop
  endfacet
  facet normal 4.335734e-01 9.011183e-01 0.000000e+00
    outer loop
      vertex 7.798693e+01 5.300266e+01 0.000000e+00
      vertex 7.715729e+01 5.340185e+01 0.000000e+00
      vertex 7.715729e+01 5.340185e+01 3.000000e+00
    endloop
  endfacet
  facet normal 4.335734e-01 9.011183e-01 -0.000000e+00
    outer loop
      vertex 7.798693e+01 5.300266e+01 0.000000e+00
      vertex 7.715729e+01 5.340185e+01 3.000000e+00
      vertex 7.798693e+01 5.300266e+01 3.000000e+00
    endloop
  endfacet
  facet normal 4.330012e-01 9.013933e-01 0.000000e+00
    outer loop
      vertex 7.715729e+01 5.340185e+01 0.000000e+00
      vertex 7.632764e+01 5.380038e+01 0.000000e+00
      vertex 7.632764e+01 5.380038e+01 3.000000e+00
    endloop
  endfacet
  facet normal 4.330012e-01 9.013933e-01 -0.000000e+00
    outer loop
      vertex 7.715729e+01 5.340185e+01 0.000000e+00
      vertex 7.632764e+01 5.380038e+01 3.000000e+00
      vertex 7.715729e+01 5.340185e+01 3.000000e+00
    endloop
  endfacet
  facet normal 4.323408e-01 9.017103e-01 0.000000e+00
    outer loop
      vertex 7.632764e+01 5.380038e+01 0.000000e+00
      vertex 7.549799e+01 5.419817e+01 0.000000e+00
      vertex 7.549799e+01 5.419817e+01 3.000000e+00
    endloop
  endfacet
  facet normal 4.323408e-01 9.017103e-01 -0.000000e+00
    outer loop
      vertex 7.632764e+01 5.380038e+01 0.000000e+00
      vertex 7.549799e+01 5.419817e+01 3.000000e+00
      vertex 7.632764e+01 5.380038e+01 3.000000e+00
    endloop
  endfacet
  facet normal 4.315919e-01 9.020690e-01 0.000000e+00
    outer loop
      vertex 7.549799e+01 5.419817e+01 0.000000e+00
      vertex 7.466834e+01 5.459511e+01 0.000000e+00
      vertex 7.466834e+01 5.459511e+01 3.000000e+00
    endloop
  endfacet
  facet normal 4.315919e-01 9.020690e-01 -0.000000e+00
    outer loop
      vertex 7.549799e+01 5.419817e+01 0.000000e+00
      vertex 7.466834e+01 5.459511e+01 3.000000e+00
      vertex 7.549799e+01 5.419817e+01 3.000000e+00
    endloop
  endfacet
  facet normal 4.307545e-01 9.024691e-01 0.000000e+00
    outer loop
      vertex 7.466834e+01 5.459511e+01 0.000000e+00
      vertex 7.383869e+01 5.499111e+01 0.000000e+00
      vertex 7.383869e+01 5.499111e+01 3.000000e+00
    endloop
  endfacet
  facet normal 4.307545e-01 9.024691e-01 -0.000000e+00
    outer loop
      vertex 7.466834e+01 5.459511e+01 0.000000e+00
      vertex 7.383869e+01 5.499111e+01 3.000000e+00
      vertex 7.466834e+01 5.459511e+01 3.000000e+00
    endloop
  endfacet
  facet normal 4.298285e-01 9.029106e-01 0.000000e+00
    outer loop
      vertex 7.383869e+01 5.499111e+01 0.000000e+00
      vertex 7.300905e+01 5.538606e+01 0.000000e+00
      vertex 7.300905e+01 5.538606e+01 3.000000e+00
    endloop
  endfacet
  facet normal 4.298285e-01 9.029106e-01 -0.000000e+00
    outer loop
      vertex 7.383869e+01 5.499111e+01 0.000000e+00
      vertex 7.300905e+01 5.538606e+01 3.000000e+00
      vertex 7.383869e+01 5.499111e+01 3.000000e+00
    endloop
  endfacet
  facet normal 4.288136e-01 9.033930e-01 0.000000e+00
    outer loop
      vertex 7.300905e+01 5.538606e+01 0.000000e+00
      vertex 7.217940e+01 5.577987e+01 0.000000e+00
      vertex 7.217940e+01 5.577987e+01 3.000000e+00
    endloop
  endfacet
  facet normal 4.288136e-01 9.033930e-01 -0.000000e+00
    outer loop
      vertex 7.300905e+01 5.538606e+01 0.000000e+00
      vertex 7.217940e+01 5.577987e+01 3.000000e+00
      vertex 7.300905e+01 5.538606e+01 3.000000e+00
    endloop
  endfacet
  facet normal 4.277097e-01 9.039161e-01 0.000000e+00
    outer loop
      vertex 7.217940e+01 5.577987e+01 0.000000e+00
      vertex 7.134975e+01 5.617244e+01 0.000000e+00
      vertex 7.134975e+01 5.617244e+01 3.000000e+00
    endloop
  endfacet
  facet normal 4.277097e-01 9.039161e-01 -0.000000e+00
    outer loop
      vertex 7.217940e+01 5.577987e+01 0.000000e+00
      vertex 7.134975e+01 5.617244e+01 3.000000e+00
      vertex 7.217940e+01 5.577987e+01 3.000000e+00
    endloop
  endfacet
  facet normal 4.265167e-01 9.044797e-01 0.000000e+00
    outer loop
      vertex 7.134975e+01 5.617244e+01 0.000000e+00
      vertex 7.052010e+01 5.656367e+01 0.000000e+00
      vertex 7.052010e+01 5.656367e+01 3.000000e+00
    endloop
  endfacet
  facet normal 4.265167e-01 9.044797e-01 -0.000000e+00
    outer loop
      vertex 7.134975e+01 5.617244e+01 0.000000e+00
      vertex 7.052010e+01 5.656367e+01 3.000000e+00
      vertex 7.134975e+01 5.617244e+01 3.000000e+00
    endloop
  endfacet
  facet normal 4.252343e-01 9.050833e-01 0.000000e+00
    outer loop
      vertex 7.052010e+01 5.656367e+01 0.000000e+00
      vertex 6.969045e+01 5.695346e+01 0.000000e+00
      vertex 6.969045e+01 5.695346e+01 3.000000e+00
    endloop
  endfacet
  facet normal 4.252343e-01 9.050833e-01 -0.000000e+00
    outer loop
      vertex 7.052010e+01 5.656367e+01 0.000000e+00
      vertex 6.969045e+01 5.695346e+01 3.000000e+00
      vertex 7.052010e+01 5.656367e+01 3.000000e+00
    endloop
  endfacet
  facet normal 4.238624e-01 9.057266e-01 0.000000e+00
    outer loop
      vertex 6.969045e+01 5.695346e+01 0.000000e+00
      vertex 6.886080e+01 5.734172e+01 0.000000e+00
      vertex 6.886080e+01 5.734172e+01 3.000000e+00
    endloop
  endfacet
  facet normal 4.238624e-01 9.057266e-01 -0.000000e+00
    outer loop
      vertex 6.969045e+01 5.695346e+01 0.000000e+00
      vertex 6.886080e+01 5.734172e+01 3.000000e+00
      vertex 6.969045e+01 5.695346e+01 3.000000e+00
    endloop
  endfacet
  facet normal 4.224006e-01 9.064092e-01 0.000000e+00
    outer loop
      vertex 6.886080e+01 5.734172e+01 0.000000e+00
      vertex 6.803116e+01 5.772835e+01 0.000000e+00
      vertex 6.803116e+01 5.772835e+01 3.000000e+00
    endloop
  endfacet
  facet normal 4.224006e-01 9.064092e-01 -0.000000e+00
    outer loop
      vertex 6.886080e+01 5.734172e+01 0.000000e+00
      vertex 6.803116e+01 5.772835e+01 3.000000e+00
      vertex 6.886080e+01 5.734172e+01 3.000000e+00
    endloop
  endfacet
  facet normal 4.208489e-01 9.071307e-01 0.000000e+00
    outer loop
      vertex 6.803116e+01 5.772835e+01 0.000000e+00
      vertex 6.720151e+01 5.811325e+01 0.000000e+00
      vertex 6.720151e+01 5.811325e+01 3.000000e+00
    endloop
  endfacet
  facet normal 4.208489e-01 9.071307e-01 -0.000000e+00
    outer loop
      vertex 6.803116e+01 5.772835e+01 0.000000e+00
      vertex 6.720151e+01 5.811325e+01 3.000000e+00
      vertex 6.803116e+01 5.772835e+01 3.000000e+00
    endloop
  endfacet
  facet normal 4.192070e-01 9.078907e-01 0.000000e+00
    outer loop
      vertex 6.720151e+01 5.811325e+01 0.000000e+00
      vertex 6.637186e+01 5.849633e+01 0.000000e+00
      vertex 6.637186e+01 5.849633e+01 3.000000e+00
    endloop
  endfacet
  facet normal 4.192070e-01 9.078907e-01 -0.000000e+00
    outer loop
      vertex 6.720151e+01 5.811325e+01 0.000000e+00
      vertex 6.637186e+01 5.849633e+01 3.000000e+00
      vertex 6.720151e+01 5.811325e+01 3.000000e+00
    endloop
  endfacet
  facet normal 4.174746e-01 9.086886e-01 0.000000e+00
    outer loop
      vertex 6.637186e+01 5.849633e+01 0.000000e+00
      vertex 6.554221e+01 5.887749e+01 0.000000e+00
      vertex 6.554221e+01 5.887749e+01 3.000000e+00
    endloop
  endfacet
  facet normal 4.174746e-01 9.086886e-01 -0.000000e+00
    outer loop
      vertex 6.637186e+01 5.849633e+01 0.000000e+00
      vertex 6.554221e+01 5.887749e+01 3.000000e+00
      vertex 6.637186e+01 5.849633e+01 3.000000e+00
    endloop
  endfacet
  facet normal 4.156515e-01 9.095240e-01 0.000000e+00
    outer loop
      vertex 6.554221e+01 5.887749e+01 0.000000e+00
      vertex 6.471256e+01 5.925664e+01 0.000000e+00
      vertex 6.471256e+01 5.925664e+01 3.000000e+00
    endloop
  endfacet
  facet normal 4.156515e-01 9.095240e-01 -0.000000e+00
    outer loop
      vertex 6.554221e+01 5.887749e+01 0.000000e+00
      vertex 6.471256e+01 5.925664e+01 3.000000e+00
      vertex 6.554221e+01 5.887749e+01 3.000000e+00
    endloop
  endfacet
  facet normal 4.137374e-01 9.103963e-01 0.000000e+00
    outer loop
      vertex 6.471256e+01 5.925664e+01 0.000000e+00
      vertex 6.388291e+01 5.963368e+01 0.000000e+00
      vertex 6.388291e+01 5.963368e+01 3.000000e+00
    endloop
  endfacet
  facet normal 4.137374e-01 9.103963e-01 -0.000000e+00
    outer loop
      vertex 6.471256e+01 5.925664e+01 0.000000e+00
      vertex 6.388291e+01 5.963368e+01 3.000000e+00
      vertex 6.471256e+01 5.925664e+01 3.000000e+00
    endloop
  endfacet
  facet normal 4.117321e-01 9.113049e-01 0.000000e+00
    outer loop
      vertex 6.388291e+01 5.963368e+01 0.000000e+00
      vertex 6.305327e+01 6.000852e+01 0.000000e+00
      vertex 6.305327e+01 6.000852e+01 3.000000e+00
    endloop
  endfacet
  facet normal 4.117321e-01 9.113049e-01 -0.000000e+00
    outer loop
      vertex 6.388291e+01 5.963368e+01 0.000000e+00
      vertex 6.305327e+01 6.000852e+01 3.000000e+00
      vertex 6.388291e+01 5.963368e+01 3.000000e+00
    endloop
  endfacet
  facet normal 4.096354e-01 9.122493e-01 0.000000e+00
    outer loop
      vertex 6.305327e+01 6.000852e+01 0.000000e+00
      vertex 6.222362e+01 6.038107e+01 0.000000e+00
      vertex 6.222362e+01 6.038107e+01 3.000000e+00
    endloop
  endfacet
  facet normal 4.096354e-01 9.122493e-01 -0.000000e+00
    outer loop
      vertex 6.305327e+01 6.000852e+01 0.000000e+00
      vertex 6.222362e+01 6.038107e+01 3.000000e+00
      vertex 6.305327e+01 6.000852e+01 3.000000e+00
    endloop
  endfacet
  facet normal 4.074469e-01 9.132289e-01 0.000000e+00
    outer loop
      vertex 6.222362e+01 6.038107e+01 0.000000e+00
      vertex 6.139397e+01 6.075122e+01 0.000000e+00
      vertex 6.139397e+01 6.075122e+01 3.000000e+00
    endloop
  endfacet
  facet normal 4.074469e-01 9.132289e-01 -0.000000e+00
    outer loop
      vertex 6.222362e+01 6.038107e+01 0.000000e+00
      vertex 6.139397e+01 6.075122e+01 3.000000e+00
      vertex 6.222362e+01 6.038107e+01 3.000000e+00
    endloop
  endfacet
  facet normal 4.051664e-01 9.142430e-01 0.000000e+00
    outer loop
      vertex 6.139397e+01 6.075122e+01 0.000000e+00
      vertex 6.056432e+01 6.111890e+01 0.000000e+00
      vertex 6.056432e+01 6.111890e+01 3.000000e+00
    endloop
  endfacet
  facet normal 4.051664e-01 9.142430e-01 -0.000000e+00
    outer loop
      vertex 6.139397e+01 6.075122e+01 0.000000e+00
      vertex 6.056432e+01 6.111890e+01 3.000000e+00
      vertex 6.139397e+01 6.075122e+01 3.000000e+00
    endloop
  endfacet
  facet normal 4.027936e-01 9.152908e-01 0.000000e+00
    outer loop
      vertex 6.056432e+01 6.111890e+01 0.000000e+00
      vertex 5.973467e+01 6.148400e+01 0.000000e+00
      vertex 5.973467e+01 6.148400e+01 3.000000e+00
    endloop
  endfacet
  facet normal 4.027936e-01 9.152908e-01 -0.000000e+00
    outer loop
      vertex 6.056432e+01 6.111890e+01 0.000000e+00
      vertex 5.973467e+01 6.148400e+01 3.000000e+00
      vertex 6.056432e+01 6.111890e+01 3.000000e+00
    endloop
  endfacet
  facet normal 4.003283e-01 9.163718e-01 0.000000e+00
    outer loop
      vertex 5.973467e+01 6.148400e+01 0.000000e+00
      vertex 5.890503e+01 6.184645e+01 0.000000e+00
      vertex 5.890503e+01 6.184645e+01 3.000000e+00
    endloop
  endfacet
  facet normal 4.003283e-01 9.163718e-01 -0.000000e+00
    outer loop
      vertex 5.973467e+01 6.148400e+01 0.000000e+00
      vertex 5.890503e+01 6.184645e+01 3.000000e+00
      vertex 5.973467e+01 6.148400e+01 3.000000e+00
    endloop
  endfacet
  facet normal 3.977702e-01 9.174851e-01 0.000000e+00
    outer loop
      vertex 5.890503e+01 6.184645e+01 0.000000e+00
      vertex 5.807538e+01 6.220613e+01 0.000000e+00
      vertex 5.807538e+01 6.220613e+01 3.000000e+00
    endloop
  endfacet
  facet normal 3.977702e-01 9.174851e-01 -0.000000e+00
    outer loop
      vertex 5.890503e+01 6.184645e+01 0.000000e+00
      vertex 5.807538e+01 6.220613e+01 3.000000e+00
      vertex 5.890503e+01 6.184645e+01 3.000000e+00
    endloop
  endfacet
  facet normal 3.951190e-01 9.186299e-01 0.000000e+00
    outer loop
      vertex 5.807538e+01 6.220613e+01 0.000000e+00
      vertex 5.724573e+01 6.256298e+01 0.000000e+00
      vertex 5.724573e+01 6.256298e+01 3.000000e+00
    endloop
  endfacet
  facet normal 3.951190e-01 9.186299e-01 -0.000000e+00
    outer loop
      vertex 5.807538e+01 6.220613e+01 0.000000e+00
      vertex 5.724573e+01 6.256298e+01 3.000000e+00
      vertex 5.807538e+01 6.220613e+01 3.000000e+00
    endloop
  endfacet
  facet normal 3.923745e-01 9.198055e-01 0.000000e+00
    outer loop
      vertex 5.724573e+01 6.256298e+01 0.000000e+00
      vertex 5.641608e+01 6.291690e+01 0.000000e+00
      vertex 5.641608e+01 6.291690e+01 3.000000e+00
    endloop
  endfacet
  facet normal 3.923745e-01 9.198055e-01 -0.000000e+00
    outer loop
      vertex 5.724573e+01 6.256298e+01 0.000000e+00
      vertex 5.641608e+01 6.291690e+01 3.000000e+00
      vertex 5.724573e+01 6.256298e+01 3.000000e+00
    endloop
  endfacet
  facet normal 3.895364e-01 9.210111e-01 0.000000e+00
    outer loop
      vertex 5.641608e+01 6.291690e+01 0.000000e+00
      vertex 5.558643e+01 6.326779e+01 0.000000e+00
      vertex 5.558643e+01 6.326779e+01 3.000000e+00
    endloop
  endfacet
  facet normal 3.895364e-01 9.210111e-01 -0.000000e+00
    outer loop
      vertex 5.641608e+01 6.291690e+01 0.000000e+00
      vertex 5.558643e+01 6.326779e+01 3.000000e+00
      vertex 5.641608e+01 6.291690e+01 3.000000e+00
    endloop
  endfacet
  facet normal 3.866045e-01 9.222456e-01 0.000000e+00
    outer loop
      vertex 5.558643e+01 6.326779e+01 0.000000e+00
      vertex 5.475678e+01 6.361558e+01 0.000000e+00
      vertex 5.475678e+01 6.361558e+01 3.000000e+00
    endloop
  endfacet
  facet normal 3.866045e-01 9.222456e-01 -0.000000e+00
    outer loop
      vertex 5.558643e+01 6.326779e+01 0.000000e+00
      vertex 5.475678e+01 6.361558e+01 3.000000e+00
      vertex 5.558643e+01 6.326779e+01 3.000000e+00
    endloop
  endfacet
  facet normal 3.835786e-01 9.235082e-01 0.000000e+00
    outer loop
      vertex 5.475678e+01 6.361558e+01 0.000000e+00
      vertex 5.392714e+01 6.396017e+01 0.000000e+00
      vertex 5.392714e+01 6.396017e+01 3.000000e+00
    endloop
  endfacet
  facet normal 3.835786e-01 9.235082e-01 -0.000000e+00
    outer loop
      vertex 5.475678e+01 6.361558e+01 0.000000e+00
      vertex 5.392714e+01 6.396017e+01 3.000000e+00
      vertex 5.475678e+01 6.361558e+01 3.000000e+00
    endloop
  endfacet
  facet normal 3.804584e-01 9.247980e-01 0.000000e+00
    outer loop
      vertex 5.392714e+01 6.396017e+01 0.000000e+00
      vertex 5.309749e+01 6.430149e+01 0.000000e+00
      vertex 5.309749e+01 6.430149e+01 3.000000e+00
    endloop
  endfacet
  facet normal 3.804584e-01 9.247980e-01 -0.000000e+00
    outer loop
      vertex 5.392714e+01 6.396017e+01 0.000000e+00
      vertex 5.309749e+01 6.430149e+01 3.000000e+00
      vertex 5.392714e+01 6.396017e+01 3.000000e+00
    endloop
  endfacet
  facet normal 3.772437e-01 9.261140e-01 0.000000e+00
    outer loop
      vertex 5.309749e+01 6.430149e+01 0.000000e+00
      vertex 5.226784e+01 6.463944e+01 0.000000e+00
      vertex 5.226784e+01 6.463944e+01 3.000000e+00
    endloop
  endfacet
  facet normal 3.772437e-01 9.261140e-01 -0.000000e+00
    outer loop
      vertex 5.309749e+01 6.430149e+01 0.000000e+00
      vertex 5.226784e+01 6.463944e+01 3.000000e+00
      vertex 5.309749e+01 6.430149e+01 3.000000e+00
    endloop
  endfacet
  facet normal 3.739343e-01 9.274552e-01 0.000000e+00
    outer loop
      vertex 5.226784e+01 6.463944e+01 0.000000e+00
      vertex 5.143819e+01 6.497394e+01 0.000000e+00
      vertex 5.143819e+01 6.497394e+01 3.000000e+00
    endloop
  endfacet
  facet normal 3.739343e-01 9.274552e-01 -0.000000e+00
    outer loop
      vertex 5.226784e+01 6.463944e+01 0.000000e+00
      vertex 5.143819e+01 6.497394e+01 3.000000e+00
      vertex 5.226784e+01 6.463944e+01 3.000000e+00
    endloop
  endfacet
  facet normal 3.705301e-01 9.288205e-01 0.000000e+00
    outer loop
      vertex 5.143819e+01 6.497394e+01 0.000000e+00
      vertex 5.060854e+01 6.530490e+01 0.000000e+00
      vertex 5.060854e+01 6.530490e+01 3.000000e+00
    endloop
  endfacet
  facet normal 3.705301e-01 9.288205e-01 -0.000000e+00
    outer loop
      vertex 5.143819e+01 6.497394e+01 0.000000e+00
      vertex 5.060854e+01 6.530490e+01 3.000000e+00
      vertex 5.143819e+01 6.497394e+01 3.000000e+00
    endloop
  endfacet
  facet normal 3.670308e-01 9.302088e-01 0.000000e+00
    outer loop
      vertex 5.060854e+01 6.530490e+01 0.000000e+00
      vertex 4.977889e+01 6.563226e+01 0.000000e+00
      vertex 4.977889e+01 6.563226e+01 3.000000e+00
    endloop
  endfacet
  facet normal 3.670308e-01 9.302088e-01 -0.000000e+00
    outer loop
      vertex 5.060854e+01 6.530490e+01 0.000000e+00
      vertex 4.977889e+01 6.563226e+01 3.000000e+00
      vertex 5.060854e+01 6.530490e+01 3.000000e+00
    endloop
  endfacet
  facet normal 3.634364e-01 9.316190e-01 0.000000e+00
    outer loop
      vertex 4.977889e+01 6.563226e+01 0.000000e+00
      vertex 4.894925e+01 6.595591e+01 0.000000e+00
      vertex 4.894925e+01 6.595591e+01 3.000000e+00
    endloop
  endfacet
  facet normal 3.634364e-01 9.316190e-01 -0.000000e+00
    outer loop
      vertex 4.977889e+01 6.563226e+01 0.000000e+00
      vertex 4.894925e+01 6.595591e+01 3.000000e+00
      vertex 4.977889e+01 6.563226e+01 3.000000e+00
    endloop
  endfacet
  facet normal 3.597467e-01 9.330500e-01 0.000000e+00
    outer loop
      vertex 4.894925e+01 6.595591e+01 0.000000e+00
      vertex 4.811960e+01 6.627579e+01 0.000000e+00
      vertex 4.811960e+01 6.627579e+01 3.000000e+00
    endloop
  endfacet
  facet normal 3.597467e-01 9.330500e-01 -0.000000e+00
    outer loop
      vertex 4.894925e+01 6.595591e+01 0.000000e+00
      vertex 4.811960e+01 6.627579e+01 3.000000e+00
      vertex 4.894925e+01 6.595591e+01 3.000000e+00
    endloop
  endfacet
  facet normal 3.559617e-01 9.345006e-01 0.000000e+00
    outer loop
      vertex 4.811960e+01 6.627579e+01 0.000000e+00
      vertex 4.728995e+01 6.659181e+01 0.000000e+00
      vertex 4.728995e+01 6.659181e+01 3.000000e+00
    endloop
  endfacet
  facet normal 3.559617e-01 9.345006e-01 -0.000000e+00
    outer loop
      vertex 4.811960e+01 6.627579e+01 0.000000e+00
      vertex 4.728995e+01 6.659181e+01 3.000000e+00
      vertex 4.811960e+01 6.627579e+01 3.000000e+00
    endloop
  endfacet
  facet normal 3.520812e-01 9.359695e-01 0.000000e+00
    outer loop
      vertex 4.728995e+01 6.659181e+01 0.000000e+00
      vertex 4.646030e+01 6.690390e+01 0.000000e+00
      vertex 4.646030e+01 6.690390e+01 3.000000e+00
    endloop
  endfacet
  facet normal 3.520812e-01 9.359695e-01 -0.000000e+00
    outer loop
      vertex 4.728995e+01 6.659181e+01 0.000000e+00
      vertex 4.646030e+01 6.690390e+01 3.000000e+00
      vertex 4.728995e+01 6.659181e+01 3.000000e+00
    endloop
  endfacet
  facet normal 3.481052e-01 9.374555e-01 0.000000e+00
    outer loop
      vertex 4.646030e+01 6.690390e+01 0.000000e+00
      vertex 4.563065e+01 6.721197e+01 0.000000e+00
      vertex 4.563065e+01 6.721197e+01 3.000000e+00
    endloop
  endfacet
  facet normal 3.481052e-01 9.374555e-01 -0.000000e+00
    outer loop
      vertex 4.646030e+01 6.690390e+01 0.000000e+00
      vertex 4.563065e+01 6.721197e+01 3.000000e+00
      vertex 4.646030e+01 6.690390e+01 3.000000e+00
    endloop
  endfacet
  facet normal 3.440338e-01 9.389573e-01 0.000000e+00
    outer loop
      vertex 4.563065e+01 6.721197e+01 0.000000e+00
      vertex 4.480101e+01 6.751596e+01 0.000000e+00
      vertex 4.480101e+01 6.751596e+01 3.000000e+00
    endloop
  endfacet
  facet normal 3.440338e-01 9.389573e-01 -0.000000e+00
    outer loop
      vertex 4.563065e+01 6.721197e+01 0.000000e+00
      vertex 4.480101e+01 6.751596e+01 3.000000e+00
      vertex 4.563065e+01 6.721197e+01 3.000000e+00
    endloop
  endfacet
  facet normal 3.398669e-01 9.404736e-01 0.000000e+00
    outer loop
      vertex 4.480101e+01 6.751596e+01 0.000000e+00
      vertex 4.397136e+01 6.781577e+01 0.000000e+00
      vertex 4.397136e+01 6.781577e+01 3.000000e+00
    endloop
  endfacet
  facet normal 3.398669e-01 9.404736e-01 -0.000000e+00
    outer loop
      vertex 4.480101e+01 6.751596e+01 0.000000e+00
      vertex 4.397136e+01 6.781577e+01 3.000000e+00
      vertex 4.480101e+01 6.751596e+01 3.000000e+00
    endloop
  endfacet
  facet normal 3.356046e-01 9.420030e-01 0.000000e+00
    outer loop
      vertex 4.397136e+01 6.781577e+01 0.000000e+00
      vertex 4.314171e+01 6.811135e+01 0.000000e+00
      vertex 4.314171e+01 6.811135e+01 3.000000e+00
    endloop
  endfacet
  facet normal 3.356046e-01 9.420030e-01 -0.000000e+00
    outer loop
      vertex 4.397136e+01 6.781577e+01 0.000000e+00
      vertex 4.314171e+01 6.811135e+01 3.000000e+00
      vertex 4.397136e+01 6.781577e+01 3.000000e+00
    endloop
  endfacet
  facet normal 3.312470e-01 9.435441e-01 0.000000e+00
    outer loop
      vertex 4.314171e+01 6.811135e+01 0.000000e+00
      vertex 4.231206e+01 6.840261e+01 0.000000e+00
      vertex 4.231206e+01 6.840261e+01 3.000000e+00
    endloop
  endfacet
  facet normal 3.312470e-01 9.435441e-01 -0.000000e+00
    outer loop
      vertex 4.314171e+01 6.811135e+01 0.000000e+00
      vertex 4.231206e+01 6.840261e+01 3.000000e+00
      vertex 4.314171e+01 6.811135e+01 3.000000e+00
    endloop
  endfacet
  facet normal 3.267943e-01 9.450955e-01 0.000000e+00
    outer loop
      vertex 4.231206e+01 6.840261e+01 0.000000e+00
      vertex 4.148241e+01 6.868949e+01 0.000000e+00
      vertex 4.148241e+01 6.868949e+01 3.000000e+00
    endloop
  endfacet
  facet normal 3.267943e-01 9.450955e-01 -0.000000e+00
    outer loop
      vertex 4.231206e+01 6.840261e+01 0.000000e+00
      vertex 4.148241e+01 6.868949e+01 3.000000e+00
      vertex 4.231206e+01 6.840261e+01 3.000000e+00
    endloop
  endfacet
  facet normal 3.222465e-01 9.466558e-01 0.000000e+00
    outer loop
      vertex 4.148241e+01 6.868949e+01 0.000000e+00
      vertex 4.065276e+01 6.897190e+01 0.000000e+00
      vertex 4.065276e+01 6.897190e+01 3.000000e+00
    endloop
  endfacet
  facet normal 3.222465e-01 9.466558e-01 -0.000000e+00
    outer loop
      vertex 4.148241e+01 6.868949e+01 0.000000e+00
      vertex 4.065276e+01 6.897190e+01 3.000000e+00
      vertex 4.148241e+01 6.868949e+01 3.000000e+00
    endloop
  endfacet
  facet normal 3.176041e-01 9.482234e-01 0.000000e+00
    outer loop
      vertex 4.065276e+01 6.897190e+01 0.000000e+00
      vertex 3.982312e+01 6.924979e+01 0.000000e+00
      vertex 3.982312e+01 6.924979e+01 3.000000e+00
    endloop
  endfacet
  facet normal 3.176041e-01 9.482234e-01 -0.000000e+00
    outer loop
      vertex 4.065276e+01 6.897190e+01 0.000000e+00
      vertex 3.982312e+01 6.924979e+01 3.000000e+00
      vertex 4.065276e+01 6.897190e+01 3.000000e+00
    endloop
  endfacet
  facet normal 3.128672e-01 9.497969e-01 0.000000e+00
    outer loop
      vertex 3.982312e+01 6.924979e+01 0.000000e+00
      vertex 3.899347e+01 6.952308e+01 0.000000e+00
      vertex 3.899347e+01 6.952308e+01 3.000000e+00
    endloop
  endfacet
  facet normal 3.128672e-01 9.497969e-01 -0.000000e+00
    outer loop
      vertex 3.982312e+01 6.924979e+01 0.000000e+00
      vertex 3.899347e+01 6.952308e+01 3.000000e+00
      vertex 3.982312e+01 6.924979e+01 3.000000e+00
    endloop
  endfacet
  facet normal 3.080361e-01 9.513747e-01 0.000000e+00
    outer loop
      vertex 3.899347e+01 6.952308e+01 0.000000e+00
      vertex 3.816382e+01 6.979170e+01 0.000000e+00
      vertex 3.816382e+01 6.979170e+01 3.000000e+00
    endloop
  endfacet
  facet normal 3.080361e-01 9.513747e-01 -0.000000e+00
    outer loop
      vertex 3.899347e+01 6.952308e+01 0.000000e+00
      vertex 3.816382e+01 6.979170e+01 3.000000e+00
      vertex 3.899347e+01 6.952308e+01 3.000000e+00
    endloop
  endfacet
  facet normal 3.031112e-01 9.529552e-01 0.000000e+00
    outer loop
      vertex 3.816382e+01 6.979170e+01 0.000000e+00
      vertex 3.733417e+01 7.005560e+01 0.000000e+00
      vertex 3.733417e+01 7.005560e+01 3.000000e+00
    endloop
  endfacet
  facet normal 3.031112e-01 9.529552e-01 -0.000000e+00
    outer loop
      vertex 3.816382e+01 6.979170e+01 0.000000e+00
      vertex 3.733417e+01 7.005560e+01 3.000000e+00
      vertex 3.816382e+01 6.979170e+01 3.000000e+00
    endloop
  endfacet
  facet normal 2.980930e-01 9.545368e-01 0.000000e+00
    outer loop
      vertex 3.733417e+01 7.005560e+01 0.000000e+00
      vertex 3.650452e+01 7.031469e+01 0.000000e+00
      vertex 3.650452e+01 7.031469e+01 3.000000e+00
    endloop
  endfacet
  facet normal 2.980930e-01 9.545368e-01 -0.000000e+00
    outer loop
      vertex 3.733417e+01 7.005560e+01 0.000000e+00
      vertex 3.650452e+01 7.031469e+01 3.000000e+00
      vertex 3.733417e+01 7.005560e+01 3.000000e+00
    endloop
  endfacet
  facet normal 2.929819e-01 9.561180e-01 0.000000e+00
    outer loop
      vertex 3.650452e+01 7.031469e+01 0.000000e+00
      vertex 3.567487e+01 7.056891e+01 0.000000e+00
      vertex 3.567487e+01 7.056891e+01 3.000000e+00
    endloop
  endfacet
  facet normal 2.929819e-01 9.561180e-01 -0.000000e+00
    outer loop
      vertex 3.650452e+01 7.031469e+01 0.000000e+00
      vertex 3.567487e+01 7.056891e+01 3.000000e+00
      vertex 3.650452e+01 7.031469e+01 3.000000e+00
    endloop
  endfacet
  facet normal 2.877786e-01 9.576970e-01 0.000000e+00
    outer loop
      vertex 3.567487e+01 7.056891e+01 0.000000e+00
      vertex 3.484523e+01 7.081822e+01 0.000000e+00
      vertex 3.484523e+01 7.081822e+01 3.000000e+00
    endloop
  endfacet
  facet normal 2.877786e-01 9.576970e-01 -0.000000e+00
    outer loop
      vertex 3.567487e+01 7.056891e+01 0.000000e+00
      vertex 3.484523e+01 7.081822e+01 3.000000e+00
      vertex 3.567487e+01 7.056891e+01 3.000000e+00
    endloop
  endfacet
  facet normal 2.824835e-01 9.592722e-01 0.000000e+00
    outer loop
      vertex 3.484523e+01 7.081822e+01 0.000000e+00
      vertex 3.401558e+01 7.106253e+01 0.000000e+00
      vertex 3.401558e+01 7.106253e+01 3.000000e+00
    endloop
  endfacet
  facet normal 2.824835e-01 9.592722e-01 -0.000000e+00
    outer loop
      vertex 3.484523e+01 7.081822e+01 0.000000e+00
      vertex 3.401558e+01 7.106253e+01 3.000000e+00
      vertex 3.484523e+01 7.081822e+01 3.000000e+00
    endloop
  endfacet
  facet normal 2.770973e-01 9.608419e-01 0.000000e+00
    outer loop
      vertex 3.401558e+01 7.106253e+01 0.000000e+00
      vertex 3.318593e+01 7.130179e+01 0.000000e+00
      vertex 3.318593e+01 7.130179e+01 3.000000e+00
    endloop
  endfacet
  facet normal 2.770973e-01 9.608419e-01 -0.000000e+00
    outer loop
      vertex 3.401558e+01 7.106253e+01 0.000000e+00
      vertex 3.318593e+01 7.130179e+01 3.000000e+00
      vertex 3.401558e+01 7.106253e+01 3.000000e+00
    endloop
  endfacet
  facet normal 2.716208e-01 9.624043e-01 0.000000e+00
    outer loop
      vertex 3.318593e+01 7.130179e+01 0.000000e+00
      vertex 3.235628e+01 7.153594e+01 0.000000e+00
      vertex 3.235628e+01 7.153594e+01 3.000000e+00
    endloop
  endfacet
  facet normal 2.716208e-01 9.624043e-01 -0.000000e+00
    outer loop
      vertex 3.318593e+01 7.130179e+01 0.000000e+00
      vertex 3.235628e+01 7.153594e+01 3.000000e+00
      vertex 3.318593e+01 7.130179e+01 3.000000e+00
    endloop
  endfacet
  facet normal 2.660549e-01 9.639579e-01 0.000000e+00
    outer loop
      vertex 3.235628e+01 7.153594e+01 0.000000e+00
      vertex 3.152663e+01 7.176493e+01 0.000000e+00
      vertex 3.152663e+01 7.176493e+01 3.000000e+00
    endloop
  endfacet
  facet normal 2.660549e-01 9.639579e-01 -0.000000e+00
    outer loop
      vertex 3.235628e+01 7.153594e+01 0.000000e+00
      vertex 3.152663e+01 7.176493e+01 3.000000e+00
      vertex 3.235628e+01 7.153594e+01 3.000000e+00
    endloop
  endfacet
  facet normal 2.604002e-01 9.655008e-01 0.000000e+00
    outer loop
      vertex 3.152663e+01 7.176493e+01 0.000000e+00
      vertex 3.069698e+01 7.198869e+01 0.000000e+00
      vertex 3.069698e+01 7.198869e+01 3.000000e+00
    endloop
  endfacet
  facet normal 2.604002e-01 9.655008e-01 -0.000000e+00
    outer loop
      vertex 3.152663e+01 7.176493e+01 0.000000e+00
      vertex 3.069698e+01 7.198869e+01 3.000000e+00
      vertex 3.152663e+01 7.176493e+01 3.000000e+00
    endloop
  endfacet
  facet normal 2.546579e-01 9.670312e-01 0.000000e+00
    outer loop
      vertex 3.069698e+01 7.198869e+01 0.000000e+00
      vertex 2.986734e+01 7.220717e+01 0.000000e+00
      vertex 2.986734e+01 7.220717e+01 3.000000e+00
    endloop
  endfacet
  facet normal 2.546579e-01 9.670312e-01 -0.000000e+00
    outer loop
      vertex 3.069698e+01 7.198869e+01 0.000000e+00
      vertex 2.986734e+01 7.220717e+01 3.000000e+00
      vertex 3.069698e+01 7.198869e+01 3.000000e+00
    endloop
  endfacet
  facet normal 2.488289e-01 9.685475e-01 0.000000e+00
    outer loop
      vertex 2.986734e+01 7.220717e+01 0.000000e+00
      vertex 2.903769e+01 7.242031e+01 0.000000e+00
      vertex 2.903769e+01 7.242031e+01 3.000000e+00
    endloop
  endfacet
  facet normal 2.488289e-01 9.685475e-01 -0.000000e+00
    outer loop
      vertex 2.986734e+01 7.220717e+01 0.000000e+00
      vertex 2.903769e+01 7.242031e+01 3.000000e+00
      vertex 2.986734e+01 7.220717e+01 3.000000e+00
    endloop
  endfacet
  facet normal 2.429143e-01 9.700478e-01 0.000000e+00
    outer loop
      vertex 2.903769e+01 7.242031e+01 0.000000e+00
      vertex 2.820804e+01 7.262807e+01 0.000000e+00
      vertex 2.820804e+01 7.262807e+01 3.000000e+00
    endloop
  endfacet
  facet normal 2.429143e-01 9.700478e-01 -0.000000e+00
    outer loop
      vertex 2.903769e+01 7.242031e+01 0.000000e+00
      vertex 2.820804e+01 7.262807e+01 3.000000e+00
      vertex 2.903769e+01 7.242031e+01 3.000000e+00
    endloop
  endfacet
  facet normal 2.369152e-01 9.715303e-01 0.000000e+00
    outer loop
      vertex 2.820804e+01 7.262807e+01 0.000000e+00
      vertex 2.737839e+01 7.283038e+01 0.000000e+00
      vertex 2.737839e+01 7.283038e+01 3.000000e+00
    endloop
  endfacet
  facet normal 2.369152e-01 9.715303e-01 -0.000000e+00
    outer loop
      vertex 2.820804e+01 7.262807e+01 0.000000e+00
      vertex 2.737839e+01 7.283038e+01 3.000000e+00
      vertex 2.820804e+01 7.262807e+01 3.000000e+00
    endloop
  endfacet
  facet normal 2.308329e-01 9.729934e-01 0.000000e+00
    outer loop
      vertex 2.737839e+01 7.283038e+01 0.000000e+00
      vertex 2.654874e+01 7.302721e+01 0.000000e+00
      vertex 2.654874e+01 7.302721e+01 3.000000e+00
    endloop
  endfacet
  facet normal 2.308329e-01 9.729934e-01 -0.000000e+00
    outer loop
      vertex 2.737839e+01 7.283038e+01 0.000000e+00
      vertex 2.654874e+01 7.302721e+01 3.000000e+00
      vertex 2.737839e+01 7.283038e+01 3.000000e+00
    endloop
  endfacet
  facet normal 2.246687e-01 9.744352e-01 0.000000e+00
    outer loop
      vertex 2.654874e+01 7.302721e+01 0.000000e+00
      vertex 2.571910e+01 7.321850e+01 0.000000e+00
      vertex 2.571910e+01 7.321850e+01 3.000000e+00
    endloop
  endfacet
  facet normal 2.246687e-01 9.744352e-01 -0.000000e+00
    outer loop
      vertex 2.654874e+01 7.302721e+01 0.000000e+00
      vertex 2.571910e+01 7.321850e+01 3.000000e+00
      vertex 2.654874e+01 7.302721e+01 3.000000e+00
    endloop
  endfacet
  facet normal 2.184241e-01 9.758539e-01 0.000000e+00
    outer loop
      vertex 2.571910e+01 7.321850e+01 0.000000e+00
      vertex 2.488945e+01 7.340420e+01 0.000000e+00
      vertex 2.488945e+01 7.340420e+01 3.000000e+00
    endloop
  endfacet
  facet normal 2.184241e-01 9.758539e-01 -0.000000e+00
    outer loop
      vertex 2.571910e+01 7.321850e+01 0.000000e+00
      vertex 2.488945e+01 7.340420e+01 3.000000e+00
      vertex 2.571910e+01 7.321850e+01 3.000000e+00
    endloop
  endfacet
  facet normal 2.121004e-01 9.772479e-01 0.000000e+00
    outer loop
      vertex 2.488945e+01 7.340420e+01 0.000000e+00
      vertex 2.405980e+01 7.358426e+01 0.000000e+00
      vertex 2.405980e+01 7.358426e+01 3.000000e+00
    endloop
  endfacet
  facet normal 2.121004e-01 9.772479e-01 -0.000000e+00
    outer loop
      vertex 2.488945e+01 7.340420e+01 0.000000e+00
      vertex 2.405980e+01 7.358426e+01 3.000000e+00
      vertex 2.488945e+01 7.340420e+01 3.000000e+00
    endloop
  endfacet
  facet normal 2.056993e-01 9.786152e-01 0.000000e+00
    outer loop
      vertex 2.405980e+01 7.358426e+01 0.000000e+00
      vertex 2.323015e+01 7.375865e+01 0.000000e+00
      vertex 2.323015e+01 7.375865e+01 3.000000e+00
    endloop
  endfacet
  facet normal 2.056993e-01 9.786152e-01 -0.000000e+00
    outer loop
      vertex 2.405980e+01 7.358426e+01 0.000000e+00
      vertex 2.323015e+01 7.375865e+01 3.000000e+00
      vertex 2.405980e+01 7.358426e+01 3.000000e+00
    endloop
  endfacet
  facet normal 1.992224e-01 9.799543e-01 0.000000e+00
    outer loop
      vertex 2.323015e+01 7.375865e+01 0.000000e+00
      vertex 2.240050e+01 7.392731e+01 0.000000e+00
      vertex 2.240050e+01 7.392731e+01 3.000000e+00
    endloop
  endfacet
  facet normal 1.992224e-01 9.799543e-01 -0.000000e+00
    outer loop
      vertex 2.323015e+01 7.375865e+01 0.000000e+00
      vertex 2.240050e+01 7.392731e+01 3.000000e+00
      vertex 2.323015e+01 7.375865e+01 3.000000e+00
    endloop
  endfacet
  facet normal 1.926714e-01 9.812633e-01 0.000000e+00
    outer loop
      vertex 2.240050e+01 7.392731e+01 0.000000e+00
      vertex 2.157085e+01 7.409022e+01 0.000000e+00
      vertex 2.157085e+01 7.409022e+01 3.000000e+00
    endloop
  endfacet
  facet normal 1.926714e-01 9.812633e-01 -0.000000e+00
    outer loop
      vertex 2.240050e+01 7.392731e+01 0.000000e+00
      vertex 2.157085e+01 7.409022e+01 3.000000e+00
      vertex 2.240050e+01 7.392731e+01 3.000000e+00
    endloop
  endfacet
  facet normal 1.860481e-01 9.825406e-01 0.000000e+00
    outer loop
      vertex 2.157085e+01 7.409022e+01 0.000000e+00
      vertex 2.074121e+01 7.424731e+01 0.000000e+00
      vertex 2.074121e+01 7.424731e+01 3.000000e+00
    endloop
  endfacet
  facet normal 1.860481e-01 9.825406e-01 -0.000000e+00
    outer loop
      vertex 2.157085e+01 7.409022e+01 0.000000e+00
      vertex 2.074121e+01 7.424731e+01 3.000000e+00
      vertex 2.157085e+01 7.409022e+01 3.000000e+00
    endloop
  endfacet
  facet normal 1.793544e-01 9.837845e-01 0.000000e+00
    outer loop
      vertex 2.074121e+01 7.424731e+01 0.000000e+00
      vertex 1.991156e+01 7.439857e+01 0.000000e+00
      vertex 1.991156e+01 7.439857e+01 3.000000e+00
    endloop
  endfacet
  facet normal 1.793544e-01 9.837845e-01 -0.000000e+00
    outer loop
      vertex 2.074121e+01 7.424731e+01 0.000000e+00
      vertex 1.991156e+01 7.439857e+01 3.000000e+00
      vertex 2.074121e+01 7.424731e+01 3.000000e+00
    endloop
  endfacet
  facet normal 1.725923e-01 9.849933e-01 0.000000e+00
    outer loop
      vertex 1.991156e+01 7.439857e+01 0.000000e+00
      vertex 1.908191e+01 7.454394e+01 0.000000e+00
      vertex 1.908191e+01 7.454394e+01 3.000000e+00
    endloop
  endfacet
  facet normal 1.725923e-01 9.849933e-01 -0.000000e+00
    outer loop
      vertex 1.991156e+01 7.439857e+01 0.000000e+00
      vertex 1.908191e+01 7.454394e+01 3.000000e+00
      vertex 1.991156e+01 7.439857e+01 3.000000e+00
    endloop
  endfacet
  facet normal 1.657639e-01 9.861655e-01 0.000000e+00
    outer loop
      vertex 1.908191e+01 7.454394e+01 0.000000e+00
      vertex 1.825226e+01 7.468339e+01 0.000000e+00
      vertex 1.825226e+01 7.468339e+01 3.000000e+00
    endloop
  endfacet
  facet normal 1.657639e-01 9.861655e-01 -0.000000e+00
    outer loop
      vertex 1.908191e+01 7.454394e+01 0.000000e+00
      vertex 1.825226e+01 7.468339e+01 3.000000e+00
      vertex 1.908191e+01 7.454394e+01 3.000000e+00
    endloop
  endfacet
  facet normal 1.588712e-01 9.872993e-01 0.000000e+00
    outer loop
      vertex 1.825226e+01 7.468339e+01 0.000000e+00
      vertex 1.742261e+01 7.481690e+01 0.000000e+00
      vertex 1.742261e+01 7.481690e+01 3.000000e+00
    endloop
  endfacet
  facet normal 1.588712e-01 9.872993e-01 -0.000000e+00
    outer loop
      vertex 1.825226e+01 7.468339e+01 0.000000e+00
      vertex 1.742261e+01 7.481690e+01 3.000000e+00
      vertex 1.825226e+01 7.468339e+01 3.000000e+00
    endloop
  endfacet
  facet normal 1.519164e-01 9.883933e-01 0.000000e+00
    outer loop
      vertex 1.742261e+01 7.481690e+01 0.000000e+00
      vertex 1.659296e+01 7.494441e+01 0.000000e+00
      vertex 1.659296e+01 7.494441e+01 3.000000e+00
    endloop
  endfacet
  facet normal 1.519164e-01 9.883933e-01 -0.000000e+00
    outer loop
      vertex 1.742261e+01 7.481690e+01 0.000000e+00
      vertex 1.659296e+01 7.494441e+01 3.000000e+00
      vertex 1.742261e+01 7.481690e+01 3.000000e+00
    endloop
  endfacet
  facet normal 1.449019e-01 9.894460e-01 0.000000e+00
    outer loop
      vertex 1.659296e+01 7.494441e+01 0.000000e+00
      vertex 1.576332e+01 7.506591e+01 0.000000e+00
      vertex 1.576332e+01 7.506591e+01 3.000000e+00
    endloop
  endfacet
  facet normal 1.449019e-01 9.894460e-01 -0.000000e+00
    outer loop
      vertex 1.659296e+01 7.494441e+01 0.000000e+00
      vertex 1.576332e+01 7.506591e+01 3.000000e+00
      vertex 1.659296e+01 7.494441e+01 3.000000e+00
    endloop
  endfacet
  facet normal 1.378301e-01 9.904559e-01 0.000000e+00
    outer loop
      vertex 1.576332e+01 7.506591e+01 0.000000e+00
      vertex 1.493367e+01 7.518137e+01 0.000000e+00
      vertex 1.493367e+01 7.518137e+01 3.000000e+00
    endloop
  endfacet
  facet normal 1.378301e-01 9.904559e-01 -0.000000e+00
    outer loop
      vertex 1.576332e+01 7.506591e+01 0.000000e+00
      vertex 1.493367e+01 7.518137e+01 3.000000e+00
      vertex 1.576332e+01 7.506591e+01 3.000000e+00
    endloop
  endfacet
  facet normal 1.307033e-01 9.914215e-01 0.000000e+00
    outer loop
      vertex 1.493367e+01 7.518137e+01 0.000000e+00
      vertex 1.410402e+01 7.529074e+01 0.000000e+00
      vertex 1.410402e+01 7.529074e+01 3.000000e+00
    endloop
  endfacet
  facet normal 1.307033e-01 9.914215e-01 -0.000000e+00
    outer loop
      vertex 1.493367e+01 7.518137e+01 0.000000e+00
      vertex 1.410402e+01 7.529074e+01 3.000000e+00
      vertex 1.493367e+01 7.518137e+01 3.000000e+00
    endloop
  endfacet
  facet normal 1.235240e-01 9.923416e-01 0.000000e+00
    outer loop
      vertex 1.410402e+01 7.529074e+01 0.000000e+00
      vertex 1.327437e+01 7.539401e+01 0.000000e+00
      vertex 1.327437e+01 7.539401e+01 3.000000e+00
    endloop
  endfacet
  facet normal 1.235240e-01 9.923416e-01 -0.000000e+00
    outer loop
      vertex 1.410402e+01 7.529074e+01 0.000000e+00
      vertex 1.327437e+01 7.539401e+01 3.000000e+00
      vertex 1.410402e+01 7.529074e+01 3.000000e+00
    endloop
  endfacet
  facet normal 1.162950e-01 9.932147e-01 0.000000e+00
    outer loop
      vertex 1.327437e+01 7.539401e+01 0.000000e+00
      vertex 1.244472e+01 7.549116e+01 0.000000e+00
      vertex 1.244472e+01 7.549116e+01 3.000000e+00
    endloop
  endfacet
  facet normal 1.162950e-01 9.932147e-01 -0.000000e+00
    outer loop
      vertex 1.327437e+01 7.539401e+01 0.000000e+00
      vertex 1.244472e+01 7.549116e+01 3.000000e+00
      vertex 1.327437e+01 7.539401e+01 3.000000e+00
    endloop
  endfacet
  facet normal 1.090187e-01 9.940397e-01 0.000000e+00
    outer loop
      vertex 1.244472e+01 7.549116e+01 0.000000e+00
      vertex 1.161508e+01 7.558215e+01 0.000000e+00
      vertex 1.161508e+01 7.558215e+01 3.000000e+00
    endloop
  endfacet
  facet normal 1.090187e-01 9.940397e-01 -0.000000e+00
    outer loop
      vertex 1.244472e+01 7.549116e+01 0.000000e+00
      vertex 1.161508e+01 7.558215e+01 3.000000e+00
      vertex 1.244472e+01 7.549116e+01 3.000000e+00
    endloop
  endfacet
  facet normal 1.016980e-01 9.948153e-01 0.000000e+00
    outer loop
      vertex 1.161508e+01 7.558215e+01 0.000000e+00
      vertex 1.078543e+01 7.566696e+01 0.000000e+00
      vertex 1.078543e+01 7.566696e+01 3.000000e+00
    endloop
  endfacet
  facet normal 1.016980e-01 9.948153e-01 -0.000000e+00
    outer loop
      vertex 1.161508e+01 7.558215e+01 0.000000e+00
      vertex 1.078543e+01 7.566696e+01 3.000000e+00
      vertex 1.161508e+01 7.558215e+01 3.000000e+00
    endloop
  endfacet
  facet normal 9.433555e-02 9.955405e-01 0.000000e+00
    outer loop
      vertex 1.078543e+01 7.566696e+01 0.000000e+00
      vertex 9.955779e+00 7.574558e+01 0.000000e+00
      vertex 9.955779e+00 7.574558e+01 3.000000e+00
    endloop
  endfacet
  facet normal 9.433555e-02 9.955405e-01 -0.000000e+00
    outer loop
      vertex 1.078543e+01 7.566696e+01 0.000000e+00
      vertex 9.955779e+00 7.574558e+01 3.000000e+00
      vertex 1.078543e+01 7.566696e+01 3.000000e+00
    endloop
  endfacet
  facet normal 8.693426e-02 9.962141e-01 0.000000e+00
    outer loop
      vertex 9.955779e+00 7.574558e+01 0.000000e+00
      vertex 9.126131e+00 7.581798e+01 0.000000e+00
      vertex 9.126131e+00 7.581798e+01 3.000000e+00
    endloop
  endfacet
  facet normal 8.693426e-02 9.962141e-01 -0.000000e+00
    outer loop
      vertex 9.955779e+00 7.574558e+01 0.000000e+00
      vertex 9.126131e+00 7.581798e+01 3.000000e+00
      vertex 9.955779e+00 7.574558e+01 3.000000e+00
    endloop
  endfacet
  facet normal 7.949700e-02 9.968351e-01 0.000000e+00
    outer loop
      vertex 9.126131e+00 7.581798e+01 0.000000e+00
      vertex 8.296482e+00 7.588414e+01 0.000000e+00
      vertex 8.296482e+00 7.588414e+01 3.000000e+00
    endloop
  endfacet
  facet normal 7.949700e-02 9.968351e-01 -0.000000e+00
    outer loop
      vertex 9.126131e+00 7.581798e+01 0.000000e+00
      vertex 8.296482e+00 7.588414e+01 3.000000e+00
      vertex 9.126131e+00 7.581798e+01 3.000000e+00
    endloop
  endfacet
  facet normal 7.202672e-02 9.974027e-01 0.000000e+00
    outer loop
      vertex 8.296482e+00 7.588414e+01 0.000000e+00
      vertex 7.466834e+00 7.594405e+01 0.000000e+00
      vertex 7.466834e+00 7.594405e+01 3.000000e+00
    endloop
  endfacet
  facet normal 7.202672e-02 9.974027e-01 -0.000000e+00
    outer loop
      vertex 8.296482e+00 7.588414e+01 0.000000e+00
      vertex 7.466834e+00 7.594405e+01 3.000000e+00
      vertex 8.296482e+00 7.588414e+01 3.000000e+00
    endloop
  endfacet
  facet normal 6.452642e-02 9.979160e-01 0.000000e+00
    outer loop
      vertex 7.466834e+00 7.594405e+01 0.000000e+00
      vertex 6.637186e+00 7.599770e+01 0.000000e+00
      vertex 6.637186e+00 7.599770e+01 3.000000e+00
    endloop
  endfacet
  facet normal 6.452642e-02 9.979160e-01 -0.000000e+00
    outer loop
      vertex 7.466834e+00 7.594405e+01 0.000000e+00
      vertex 6.637186e+00 7.599770e+01 3.000000e+00
      vertex 7.466834e+00 7.594405e+01 3.000000e+00
    endloop
  endfacet
  facet normal 5.699913e-02 9.983742e-01 0.000000e+00
    outer loop
      vertex 6.637186e+00 7.599770e+01 0.000000e+00
      vertex 5.807538e+00 7.604506e+01 0.000000e+00
      vertex 5.807538e+00 7.604506e+01 3.000000e+00
    endloop
  endfacet
  facet normal 5.699913e-02 9.983742e-01 -0.000000e+00
    outer loop
      vertex 6.637186e+00 7.599770e+01 0.000000e+00
      vertex 5.807538e+00 7.604506e+01 3.000000e+00
      vertex 6.637186e+00 7.599770e+01 3.000000e+00
    endloop
  endfacet
  facet normal 4.944793e-02 9.987767e-01 0.000000e+00
    outer loop
      vertex 5.807538e+00 7.604506e+01 0.000000e+00
      vertex 4.977889e+00 7.608614e+01 0.000000e+00
      vertex 4.977889e+00 7.608614e+01 3.000000e+00
    endloop
  endfacet
  facet normal 4.944793e-02 9.987767e-01 -0.000000e+00
    outer loop
      vertex 5.807538e+00 7.604506e+01 0.000000e+00
      vertex 4.977889e+00 7.608614e+01 3.000000e+00
      vertex 5.807538e+00 7.604506e+01 3.000000e+00
    endloop
  endfacet
  facet normal 4.187594e-02 9.991228e-01 0.000000e+00
    outer loop
      vertex 4.977889e+00 7.608614e+01 0.000000e+00
      vertex 4.148241e+00 7.612091e+01 0.000000e+00
      vertex 4.148241e+00 7.612091e+01 3.000000e+00
    endloop
  endfacet
  facet normal 4.187594e-02 9.991228e-01 -0.000000e+00
    outer loop
      vertex 4.977889e+00 7.608614e+01 0.000000e+00
      vertex 4.148241e+00 7.612091e+01 3.000000e+00
      vertex 4.977889e+00 7.608614e+01 3.000000e+00
    endloop
  endfacet
  facet normal 3.428629e-02 9.994121e-01 0.000000e+00
    outer loop
      vertex 4.148241e+00 7.612091e+01 0.000000e+00
      vertex 3.318593e+00 7.614937e+01 0.000000e+00
      vertex 3.318593e+00 7.614937e+01 3.000000e+00
    endloop
  endfacet
  facet normal 3.428629e-02 9.994121e-01 -0.000000e+00
    outer loop
      vertex 4.148241e+00 7.612091e+01 0.000000e+00
      vertex 3.318593e+00 7.614937e+01 3.000000e+00
      vertex 4.148241e+00 7.612091e+01 3.000000e+00
    endloop
  endfacet
  facet normal 2.668217e-02 9.996440e-01 0.000000e+00
    outer loop
      vertex 3.318593e+00 7.614937e+01 0.000000e+00
      vertex 2.488945e+00 7.617152e+01 0.000000e+00
      vertex 2.488945e+00 7.617152e+01 3.000000e+00
    endloop
  endfacet
  facet normal 2.668217e-02 9.996440e-01 -0.000000e+00
    outer loop
      vertex 3.318593e+00 7.614937e+01 0.000000e+00
      vertex 2.488945e+00 7.617152e+01 3.000000e+00
      vertex 3.318593e+00 7.614937e+01 3.000000e+00
    endloop
  endfacet
  facet normal 1.906677e-02 9.998182e-01 0.000000e+00
    outer loop
      vertex 2.488945e+00 7.617152e+01 0.000000e+00
      vertex 1.659296e+00 7.618734e+01 0.000000e+00
      vertex 1.659296e+00 7.618734e+01 3.000000e+00
    endloop
  endfacet
  facet normal 1.906677e-02 9.998182e-01 -0.000000e+00
    outer loop
      vertex 2.488945e+00 7.617152e+01 0.000000e+00
      vertex 1.659296e+00 7.618734e+01 3.000000e+00
      vertex 2.488945e+00 7.617152e+01 3.000000e+00
    endloop
  endfacet
  facet normal 1.144329e-02 9.999345e-01 0.000000e+00
    outer loop
      vertex 1.659296e+00 7.618734e+01 0.000000e+00
      vertex 8.296482e-01 7.619683e+01 0.000000e+00
      vertex 8.296482e-01 7.619683e+01 3.000000e+00
    endloop
  endfacet
  facet normal 1.144329e-02 9.999345e-01 -0.000000e+00
    outer loop
      vertex 1.659296e+00 7.618734e+01 0.000000e+00
      vertex 8.296482e-01 7.619683e+01 3.000000e+00
      vertex 1.659296e+00 7.618734e+01 3.000000e+00
    endloop
  endfacet
  facet normal 3.814970e-03 9.999927e-01 0.000000e+00
    outer loop
      vertex 8.296482e-01 7.619683e+01 0.000000e+00
      vertex 0.000000e+00 7.620000e+01 0.000000e+00
      vertex 0.000000e+00 7.620000e+01 3.000000e+00
    endloop
  endfacet
  facet normal 3.814970e-03 9.999927e-01 -0.000000e+00
    outer loop
      vertex 8.296482e-01 7.619683e+01 0.000000e+00
      vertex 0.000000e+00 7.620000e+01 3.000000e+00
      vertex 8.296482e-01 7.619683e+01 3.000000e+00
    endloop
  endfacet
  facet normal -1.000000e+00 0.000000e+00 0.000000e+00
    outer loop
      vertex 0.000000e+00 7.620000e+01 0.000000e+00
      vertex 0.000000e+00 2.540000e+01 0.000000e+00
      vertex 0.000000e+00 2.540000e+01 3.000000e+00
    endloop
  endfacet
  facet normal -1.000000e+00 0.000000e+00 0.000000e+00
    outer loop
      vertex 0.000000e+00 7.620000e+01 0.000000e+00
      vertex 0.000000e+00 2.540000e+01 3.000000e+00
      vertex 0.000000e+00 7.620000e+01 3.000000e+00
    endloop
  endfacet
  facet normal -1.000000e+00 0.000000e+00 0.000000e+00
    outer loop
      vertex 0.000000e+00 2.540000e+01 0.000000e+00
      vertex 0.000000e+00 1.870000e+01 0.000000e+00
      vertex 0.000000e+00 1.870000e+01 3.000000e+00
    endloop
  endfacet
  facet normal -1.000000e+00 0.000000e+00 0.000000e+00
    outer loop
      vertex 0.000000e+00 2.540000e+01 0.000000e+00
      vertex 0.000000e+00 1.870000e+01 3.000000e+00
      vertex 0.000000e+00 2.540000e+01 3.000000e+00
    endloop
  endfacet
  facet normal 0.000000e+00 1.000000e+00 0.000000e+00
    outer loop
      vertex 0.000000e+00 1.870000e+01 0.000000e+00
      vertex -5.000000e+00 1.870000e+01 0.000000e+00
      vertex -5.000000e+00 1.870000e+01 3.000000e+00
    endloop
  endfacet
  facet normal 0.000000e+00 1.000000e+00 -0.000000e+00
    outer loop
      vertex 0.000000e+00 1.870000e+01 0.000000e+00
      vertex -5.000000e+00 1.870000e+01 3.000000e+00
      vertex 0.000000e+00 1.870000e+01 3.000000e+00
    endloop
  endfacet
  facet normal -1.000000e+00 0.000000e+00 0.000000e+00
    outer loop
      vertex -5.000000e+00 1.870000e+01 0.000000e+00
      vertex -5.000000e+00 6.700000e+00 0.000000e+00
      vertex -5.000000e+00 6.700000e+00 3.000000e+00
    endloop
  endfacet
  facet normal -1.000000e+00 0.000000e+00 0.000000e+00
    outer loop
      vertex -5.000000e+00 1.870000e+01 0.000000e+00
      vertex -5.000000e+00 6.700000e+00 3.000000e+00
      vertex -5.000000e+00 1.870000e+01 3.000000e+00
    endloop
  endfacet
  facet normal 0.000000e+00 -1.000000e+00 0.000000e+00
    outer loop
      vertex -5.000000e+00 6.700000e+00 0.000000e+00
      vertex 0.000000e+00 6.700000e+00 0.000000e+00
      vertex 0.000000e+00 6.700000e+00 3.000000e+00
    endloop
  endfacet
  facet normal 0.000000e+00 -1.000000e+00 0.000000e+00
    outer loop
      vertex -5.000000e+00 6.700000e+00 0.000000e+00
      vertex 0.000000e+00 6.700000e+00 3.000000e+00
      vertex -5.000000e+00 6.700000e+00 3.000000e+00
    endloop
  endfacet
  facet normal -1.000000e+00 0.000000e+00 0.000000e+00
    outer loop
      vertex 0.000000e+00 6.700000e+00 0.000000e+00
      vertex 0.000000e+00 0.000000e+00 0.000000e+00
      vertex 0.000000e+00 0.000000e+00 3.000000e+00
    endloop
  endfacet
  facet normal -1.000000e+00 0.000000e+00 0.000000e+00
    outer loop
      vertex 0.000000e+00 6.700000e+00 0.000000e+00
      vertex 0.000000e+00 0.000000e+00 3.000000e+00
      vertex 0.000000e+00 6.700000e+00 3.000000e+00
    endloop
  endfacet
endsolid
